id/I,peaktime/F,chan/F,peakamp/F,sumadc/F,view/I,wire/S,index/I,x/F,y/F,z/F,dirx/F,diry/F,dirz/F,p/F
0,1506.45,132,48.487,724.583,0,C:0 T:0 P:0 W:132,0,29.4108,-1.02638,50.6487,0.10971,0.035345,-0.993335,0
0,1501.37,131,19.7431,461.965,0,C:0 T:0 P:0 W:131,1,29.4585,-1.01102,50.217,0.10971,0.035345,-0.993335,0
0,1512.35,130,8.46552,194.732,0,C:0 T:0 P:0 W:130,2,29.5111,-0.994092,49.7413,0.10971,0.035345,-0.993335,0
0,1508.53,369,13.2191,192.482,1,C:0 T:0 P:1 W:129,3,29.541,-0.984435,49.4699,0.10971,0.035345,-0.993335,0
0,1513.47,129,8.85346,135.981,0,C:0 T:0 P:0 W:129,4,29.5606,-0.978127,49.2927,0.10971,0.035345,-0.993335,0
0,1519.69,368,11.4093,173.319,1,C:0 T:0 P:1 W:128,5,29.5959,-0.966758,48.9731,0.10971,0.035345,-0.993335,0
0,1517.19,128,8.6917,125.778,0,C:0 T:0 P:0 W:128,6,29.611,-0.961909,48.8369,0.10971,0.035345,-0.993335,0
0,1521.0,367,10.6517,178.272,1,C:0 T:0 P:1 W:127,7,29.6475,-0.95012,48.5055,0.10971,0.035345,-0.993335,0
0,1520.57,127,7.12778,103.499,0,C:0 T:0 P:0 W:127,8,29.6612,-0.945724,48.382,0.10971,0.035345,-0.993335,0
0,1523.6,366,10.4078,178.875,1,C:0 T:0 P:1 W:126,9,29.6996,-0.933347,48.0341,0.10971,0.035345,-0.993335,0
0,1521.42,126,7.8287,140.461,0,C:0 T:0 P:0 W:126,10,29.7107,-0.929785,47.9341,0.10971,0.035345,-0.993335,0
0,1526.27,365,22.5028,381.602,1,C:0 T:0 P:1 W:125,11,29.7517,-0.916565,47.5625,0.10971,0.035345,-0.993335,0
0,1522.03,125,12.1889,196.262,0,C:0 T:0 P:0 W:125,12,29.7601,-0.91387,47.4868,0.106923,0.0344892,-0.993669,0
0,1528.71,364,20.2306,327.837,1,C:0 T:0 P:1 W:124,13,29.8024,-0.9002,47.0929,0.0763253,0.0250925,-0.996767,0
0,1524.53,124,9.69617,144.979,0,C:0 T:0 P:0 W:124,14,29.807,-0.898692,47.033,0.0763253,0.0250925,-0.996767,0
0,1528.37,123,7.28012,115.623,0,C:0 T:0 P:0 W:123,15,29.8422,-0.88713,46.5738,0.0763253,0.0250925,-0.996767,0
0,1530.99,362,24.031,388.535,1,C:0 T:0 P:1 W:122,16,29.874,-0.876673,46.1584,0.0763253,0.0250925,-0.996767,0
0,1526.61,122,12.7304,215.186,0,C:0 T:0 P:0 W:122,17,29.8765,-0.875842,46.1253,0.0763253,0.0250925,-0.996767,0
0,1533.63,361,25.5295,452.175,1,C:0 T:0 P:1 W:121,18,29.91,-0.864833,45.688,0.0763253,0.0250925,-0.996767,0
0,1526.56,121,12.7759,242.328,0,C:0 T:0 P:0 W:121,19,29.9111,-0.86447,45.6736,0.0763253,0.0250925,-0.996767,0
0,1530.91,360,8.76742,160.934,1,C:0 T:0 P:1 W:120,20,29.9452,-0.853268,45.2286,0.0763253,0.0250925,-0.996767,0
0,1531.23,120,8.77948,155.2,0,C:0 T:0 P:0 W:120,21,29.9464,-0.852868,45.2127,0.0763253,0.0250925,-0.996767,0
0,1533.48,119,9.79713,159.215,0,C:0 T:0 P:0 W:119,22,29.9813,-0.841384,44.7565,0.0763253,0.0250925,-0.996767,0
0,1535.25,359,12.6089,216.18,1,C:0 T:0 P:1 W:119,23,29.9815,-0.84134,44.7548,0.0763253,0.0250925,-0.996767,0
0,1534.08,118,13.8794,248.279,0,C:0 T:0 P:0 W:118,24,30.016,-0.829981,44.3036,0.0763253,0.0250925,-0.996767,0
0,1536.05,117,27.2754,383.501,0,C:0 T:0 P:0 W:117,25,30.0509,-0.818511,43.8479,0.0763253,0.0250925,-0.996767,0
0,1536.31,357,16.1111,313.69,1,C:0 T:0 P:1 W:117,26,30.0528,-0.817877,43.8227,0.0763253,0.0250925,-0.996767,0
0,1540.23,116,12.3792,193.595,0,C:0 T:0 P:0 W:116,27,30.0861,-0.806933,43.388,0.0763253,0.0250925,-0.996767,0
0,1543.55,356,13.9046,220.584,1,C:0 T:0 P:1 W:116,28,30.0896,-0.805799,43.343,0.0763253,0.0250925,-0.996767,0
0,1542.75,115,8.09148,124.881,0,C:0 T:0 P:0 W:115,29,30.1211,-0.795436,42.9313,0.0884795,0.0203987,-0.995869,0
0,1541.67,114,13.587,216.149,0,C:0 T:0 P:0 W:114,30,30.1611,-0.786219,42.4814,0.0895284,0.0199932,-0.995784,0
0,1547.78,354,24.524,407.694,1,C:0 T:0 P:1 W:114,31,30.1679,-0.784704,42.4059,0.0895284,0.0199932,-0.995784,0
0,1544.88,113,11.9546,195.935,0,C:0 T:0 P:0 W:113,32,30.2024,-0.777001,42.0222,0.0895284,0.0199932,-0.995784,0
0,1548.81,353,15.1095,242.89,1,C:0 T:0 P:1 W:113,33,30.2096,-0.775374,41.9412,0.0895284,0.0199932,-0.995784,0
0,1548.42,112,10.8267,170.207,0,C:0 T:0 P:0 W:112,34,30.2437,-0.767767,41.5623,0.0895284,0.0199932,-0.995784,0
0,1552.09,352,16.9848,284.455,1,C:0 T:0 P:1 W:112,35,30.2519,-0.765937,41.4712,0.0895284,0.0199932,-0.995784,0
0,1549.49,111,7.66459,137.875,0,C:0 T:0 P:0 W:111,36,30.2846,-0.758647,41.1081,0.0895284,0.0199932,-0.995784,0
0,1550.33,110,12.2008,209.822,0,C:0 T:0 P:0 W:110,37,30.3253,-0.749536,40.6543,0.0895284,0.0199932,-0.995784,0
0,1554.17,350,26.7511,440.103,1,C:0 T:0 P:1 W:110,38,30.3355,-0.747278,40.5418,0.0895284,0.0199932,-0.995784,0
0,1553.29,109,13.8606,229.315,0,C:0 T:0 P:0 W:109,39,30.3666,-0.740329,40.1958,0.0895284,0.0199932,-0.995784,0
0,1556.92,108,8.83611,146.577,0,C:0 T:0 P:0 W:108,40,30.4079,-0.731092,39.7357,0.0895284,0.0199932,-0.995784,0
0,1556.12,348,7.6244,126.094,1,C:0 T:0 P:1 W:108,41,30.419,-0.728624,39.6128,0.0895284,0.0199932,-0.995784,0
0,1559.66,107,9.03371,138.095,0,C:0 T:0 P:0 W:107,42,30.4491,-0.721895,39.2776,0.0895284,0.0199932,-0.995784,0
0,1560.57,347,13.5864,221.634,1,C:0 T:0 P:1 W:107,43,30.4615,-0.719132,39.14,0.0895284,0.0199932,-0.995784,0
0,1559.54,106,10.5126,166.437,0,C:0 T:0 P:0 W:106,44,30.4897,-0.712828,38.826,0.0895284,0.0199932,-0.995784,0
0,1561.43,346,16.9755,287.478,1,C:0 T:0 P:1 W:106,45,30.5032,-0.709811,38.6757,0.0822485,0.0213361,-0.996383,0
0,1562.07,105,8.64792,126.658,0,C:0 T:0 P:0 W:105,46,30.5286,-0.703238,38.3688,0.0554612,0.0262602,-0.998115,0
0,1564.68,345,15.1266,242.015,1,C:0 T:0 P:1 W:105,47,30.5377,-0.698902,38.204,0.0554612,0.0262602,-0.998115,0
0,1564.82,104,8.27472,120.768,0,C:0 T:0 P:0 W:104,48,30.554,-0.691214,37.9118,0.0554612,0.0262602,-0.998115,0
0,1566.04,344,13.4681,206.512,1,C:0 T:0 P:1 W:104,49,30.5638,-0.686561,37.7349,0.0554612,0.0262602,-0.998115,0
0,1563.82,103,11.4644,187.757,0,C:0 T:0 P:0 W:103,50,30.5791,-0.679328,37.46,0.0554612,0.0262602,-0.998115,0
0,1565.77,343,19.4713,323.15,1,C:0 T:0 P:1 W:103,51,30.5897,-0.674284,37.2683,0.0554612,0.0262602,-0.998115,0
0,1564.12,102,16.8558,279.772,0,C:0 T:0 P:0 W:102,52,30.6043,-0.667395,37.0064,0.0554612,0.0262602,-0.998115,0
0,1567.96,101,9.79152,175.317,0,C:0 T:0 P:0 W:101,53,30.6298,-0.65533,36.5479,0.0554612,0.0262602,-0.998115,0
0,1569.38,341,10.0388,241.593,1,C:0 T:0 P:1 W:101,54,30.6419,-0.649568,36.3289,0.0554612,0.0262602,-0.998115,0
0,1570.22,100,9.37833,162.878,0,C:0 T:0 P:0 W:100,55,30.6551,-0.643324,36.0915,0.0554612,0.0262602,-0.998115,0
0,1573.78,340,16.4706,321.867,1,C:0 T:0 P:1 W:100,56,30.6682,-0.637108,35.8553,0.0554612,0.0262602,-0.998115,0
0,1571.15,99,10.4742,189.638,0,C:0 T:0 P:0 W:99,57,30.6804,-0.631367,35.6371,0.0554612,0.0262602,-0.998115,0
0,1569.92,339,11.342,221.174,1,C:0 T:0 P:1 W:99,58,30.6939,-0.624972,35.394,0.0554612,0.0262602,-0.998115,0
0,1570.96,98,12.4737,205.865,0,C:0 T:0 P:0 W:98,59,30.7055,-0.619451,35.1842,0.0554612,0.0262602,-0.998115,0
0,1575.8,338,25.8435,464.419,1,C:0 T:0 P:1 W:98,60,30.7203,-0.612454,34.9182,0.0554612,0.0262602,-0.998115,0
0,1573.17,97,9.79086,153.316,0,C:0 T:0 P:0 W:97,61,30.7309,-0.607447,34.7279,0.0554612,0.0262602,-0.998115,0
0,1570.83,337,12.3163,200.616,1,C:0 T:0 P:1 W:97,62,30.7458,-0.600362,34.4586,0.0554612,0.0262602,-0.998115,0
0,1572.93,96,10.7739,166.799,0,C:0 T:0 P:0 W:96,63,30.756,-0.595534,34.2751,0.0554612,0.0262602,-0.998115,0
0,1574.66,336,17.1708,290.255,1,C:0 T:0 P:1 W:96,64,30.7721,-0.587924,33.9859,0.0645062,0.0252548,-0.997598,0
0,1574.56,95,10.1601,165.613,0,C:0 T:0 P:0 W:95,65,30.7829,-0.583717,33.8197,0.0733025,0.0242744,-0.997014,0
0,1579.92,335,14.2812,266.803,1,C:0 T:0 P:1 W:95,66,30.8055,-0.576207,33.5112,0.0733025,0.0242744,-0.997014,0
0,1575.37,94,11.0637,182.006,0,C:0 T:0 P:0 W:94,67,30.8162,-0.572668,33.3659,0.0733025,0.0242744,-0.997014,0
0,1580.54,334,15.8562,296.803,1,C:0 T:0 P:1 W:94,68,30.8398,-0.564856,33.045,0.0733025,0.0242744,-0.997014,0
0,1577.64,93,10.662,169.871,0,C:0 T:0 P:0 W:93,69,30.8498,-0.561553,32.9093,0.0733025,0.0242744,-0.997014,0
0,1582.98,333,16.8108,299.598,1,C:0 T:0 P:1 W:93,70,30.8744,-0.553417,32.5752,0.0733025,0.0242744,-0.997014,0
0,1579.83,92,10.4695,174.552,0,C:0 T:0 P:0 W:92,71,30.8833,-0.550441,32.4529,0.0733025,0.0242744,-0.997014,0
0,1582.53,332,10.2596,176.903,1,C:0 T:0 P:1 W:92,72,30.9085,-0.542117,32.111,0.0733025,0.0242744,-0.997014,0
0,1581.16,91,12.7263,206.058,0,C:0 T:0 P:0 W:91,73,30.9168,-0.539368,31.9982,0.0733025,0.0242744,-0.997014,0
0,1584.44,331,13.7466,232.366,1,C:0 T:0 P:1 W:91,74,30.943,-0.530703,31.6423,0.0733025,0.0242744,-0.997014,0
0,1582.67,90,13.0085,211.342,0,C:0 T:0 P:0 W:90,75,30.9502,-0.528288,31.5431,0.0733025,0.0242744,-0.997014,0
0,1586.5,330,18.78,314.706,1,C:0 T:0 P:1 W:90,76,30.9774,-0.519283,31.1732,0.0733025,0.0242744,-0.997014,0
0,1584.42,89,12.3321,209.256,0,C:0 T:0 P:0 W:89,77,30.9837,-0.517196,31.0875,0.0733025,0.0242744,-0.997014,0
0,1589.19,329,18.8878,344.891,1,C:0 T:0 P:1 W:89,78,31.012,-0.507832,30.7029,0.0733025,0.0242744,-0.997014,0
0,1586.44,88,12.8917,230.887,0,C:0 T:0 P:0 W:88,79,31.0173,-0.506092,30.6314,0.0733025,0.0242744,-0.997014,0
0,1592.16,328,16.9981,356.789,1,C:0 T:0 P:1 W:88,80,31.0466,-0.496368,30.232,0.0733025,0.0242744,-0.997014,0
0,1587.82,87,12.16,207.86,0,C:0 T:0 P:0 W:87,81,31.0507,-0.495017,30.1766,0.0733025,0.0242744,-0.997014,0
0,1593.92,327,18.0849,322.629,1,C:0 T:0 P:1 W:87,82,31.0811,-0.484962,29.7636,0.0733025,0.0242744,-0.997014,0
0,1589.87,86,11.6865,194.926,0,C:0 T:0 P:0 W:86,83,31.0842,-0.483913,29.7204,0.0755482,0.0215162,-0.99691,0
0,1593.71,326,14.1218,274.133,1,C:0 T:0 P:1 W:86,84,31.1161,-0.474835,29.2998,0.0841967,0.0108804,-0.99639,0
0,1591.54,85,12.9851,204.173,0,C:0 T:0 P:0 W:85,85,31.1191,-0.474446,29.2643,0.0841967,0.0108804,-0.99639,0
0,1596.76,325,19.8539,348.939,1,C:0 T:0 P:1 W:85,86,31.1556,-0.469734,28.8327,0.0841967,0.0108804,-0.99639,0
0,1593.9,84,13.7506,235.679,0,C:0 T:0 P:0 W:84,87,31.158,-0.469425,28.8045,0.0841967,0.0108804,-0.99639,0
0,1595.73,324,17.4504,285.071,1,C:0 T:0 P:1 W:84,88,31.1943,-0.464731,28.3746,0.0841967,0.0108804,-0.99639,0
0,1595.33,83,13.9346,230.608,0,C:0 T:0 P:0 W:83,89,31.1967,-0.464426,28.3466,0.0841967,0.0108804,-0.99639,0
0,1597.31,82,10.412,175.386,0,C:0 T:0 P:0 W:82,90,31.2355,-0.459414,27.8877,0.0841967,0.0108804,-0.99639,0
0,1602.87,322,16.0894,304.779,1,C:0 T:0 P:1 W:82,91,31.2734,-0.454504,27.438,0.0841967,0.0108804,-0.99639,0
0,1599.46,81,10.7049,178.717,0,C:0 T:0 P:0 W:81,92,31.2743,-0.454398,27.4283,0.0841967,0.0108804,-0.99639,0
0,1605.06,321,15.911,300.655,1,C:0 T:0 P:1 W:81,93,31.3128,-0.449424,26.9728,0.0841967,0.0108804,-0.99639,0
0,1601.19,80,9.7722,160.644,0,C:0 T:0 P:0 W:80,94,31.313,-0.449391,26.9698,0.0841967,0.0108804,-0.99639,0
0,1603.89,79,13.3521,218.701,0,C:0 T:0 P:0 W:79,95,31.3519,-0.444362,26.5093,0.0841967,0.0108804,-0.99639,0
0,1607.13,320,15.9045,294.77,1,C:0 T:0 P:1 W:80,96,31.3521,-0.444346,26.5078,0.0841967,0.0108804,-0.99639,0
0,1605.66,78,14.0119,227.136,0,C:0 T:0 P:0 W:78,97,31.3907,-0.439355,26.0507,0.0841967,0.0108804,-0.99639,0
0,1608.31,319,17.4675,307.417,1,C:0 T:0 P:1 W:79,98,31.3912,-0.439291,26.0448,0.0841967,0.0108804,-0.99639,0
0,1607.37,77,14.2298,224.966,0,C:0 T:0 P:0 W:77,99,31.4294,-0.434349,25.5923,0.0841967,0.0108804,-0.99639,0
0,1610.41,318,17.2317,299.672,1,C:0 T:0 P:1 W:78,100,31.4305,-0.434213,25.5798,0.0841967,0.0108804,-0.99639,0
0,1608.95,76,12.7113,207.164,0,C:0 T:0 P:0 W:76,101,31.4681,-0.429346,25.1342,0.0841967,0.0108804,-0.99639,0
0,1611.34,317,21.5263,358.504,1,C:0 T:0 P:1 W:77,102,31.4695,-0.429163,25.1174,0.0864495,0.00241716,-0.996253,0
0,1611.02,75,12.0271,205.044,0,C:0 T:0 P:0 W:75,103,31.5081,-0.428085,24.673,0.0881043,-0.00381594,-0.996104,0
0,1614.3,316,18.5713,319.878,1,C:0 T:0 P:1 W:76,104,31.5099,-0.428162,24.6529,0.0881043,-0.00381594,-0.996104,0
0,1613.88,74,12.072,199.003,0,C:0 T:0 P:0 W:74,105,31.5492,-0.429865,24.2083,0.0881043,-0.00381594,-0.996104,0
0,1617.75,315,19.0491,352.918,1,C:0 T:0 P:1 W:75,106,31.5509,-0.429939,24.1889,0.0881043,-0.00381594,-0.996104,0
0,1615.94,73,13.229,204.406,0,C:0 T:0 P:0 W:73,107,31.5901,-0.431638,23.7455,0.0881043,-0.00381594,-0.996104,0
0,1619.39,314,17.4718,318.758,1,C:0 T:0 P:1 W:74,108,31.5916,-0.431701,23.729,0.0881043,-0.00381594,-0.996104,0
0,1617.93,72,12.6306,206.1,0,C:0 T:0 P:0 W:72,109,31.6311,-0.43341,23.2828,0.0881043,-0.00381594,-0.996104,0
0,1621.52,313,17.9309,318.848,1,C:0 T:0 P:1 W:73,110,31.6324,-0.433467,23.268,0.0881043,-0.00381594,-0.996104,0
0,1619.14,71,13.5915,218.956,0,C:0 T:0 P:0 W:71,111,31.6718,-0.435176,22.8219,0.0881043,-0.00381594,-0.996104,0
0,1621.43,312,16.5125,310.999,1,C:0 T:0 P:1 W:72,112,31.6727,-0.435213,22.8121,0.0881043,-0.00381594,-0.996104,0
0,1621.43,70,15.2249,249.87,0,C:0 T:0 P:0 W:70,113,31.7128,-0.436951,22.3585,0.0881043,-0.00381594,-0.996104,0
0,1623.19,311,20.7906,340.421,1,C:0 T:0 P:1 W:71,114,31.7134,-0.436976,22.352,0.0881043,-0.00381594,-0.996104,0
0,1623.18,69,14.1349,235.547,0,C:0 T:0 P:0 W:69,115,31.7537,-0.438721,21.8964,0.0881043,-0.00381594,-0.996104,0
0,1625.64,310,22.5798,377.732,1,C:0 T:0 P:1 W:70,116,31.7542,-0.438745,21.8903,0.0881043,-0.00381594,-0.996104,0
0,1626.67,68,13.1941,222.473,0,C:0 T:0 P:0 W:68,117,31.7949,-0.440507,21.4303,0.0881043,-0.00381594,-0.996104,0
0,1628.14,309,17.9925,338.012,1,C:0 T:0 P:1 W:69,118,31.7951,-0.440514,21.4284,0.0881043,-0.00381594,-0.996104,0
0,1628.42,67,12.6229,210.925,0,C:0 T:0 P:0 W:67,119,31.8358,-0.442278,20.9681,0.0881043,-0.00381594,-0.996104,0
0,1631.72,308,22.3253,392.464,1,C:0 T:0 P:1 W:68,120,31.8362,-0.442293,20.9641,0.0881043,-0.00381594,-0.996104,0
0,1629.84,66,14.0231,231.218,0,C:0 T:0 P:0 W:66,121,31.8766,-0.444045,20.5068,0.0881043,-0.00381594,-0.996104,0
0,1632.36,307,17.0867,307.128,1,C:0 T:0 P:1 W:67,122,31.8766,-0.444046,20.5066,0.0803071,-0.0142318,-0.996669,0
0,1635.11,306,22.6754,404.234,1,C:0 T:0 P:1 W:66,123,31.9137,-0.450614,20.0465,0.0796645,-0.0150893,-0.996708,0
0,1632.14,65,13.2973,215.641,0,C:0 T:0 P:0 W:65,124,31.9142,-0.450712,20.0401,0.0796645,-0.0150893,-0.996708,0
0,1635.82,305,17.339,304.122,1,C:0 T:0 P:1 W:65,125,31.9501,-0.457511,19.591,0.0796645,-0.0150893,-0.996708,0
0,1633.96,64,12.7931,205.309,0,C:0 T:0 P:0 W:64,126,31.9514,-0.457763,19.5743,0.0796645,-0.0150893,-0.996708,0
0,1638.58,304,21.2215,338.911,1,C:0 T:0 P:1 W:64,127,31.9868,-0.46447,19.1313,0.0796645,-0.0150893,-0.996708,0
0,1636.79,63,12.7248,207.103,0,C:0 T:0 P:0 W:63,128,31.9888,-0.464847,19.1064,0.0796645,-0.0150893,-0.996708,0
0,1641.15,303,18.8656,323.496,1,C:0 T:0 P:1 W:63,129,32.0236,-0.471424,18.672,0.0796645,-0.0150893,-0.996708,0
0,1638.49,62,13.3957,221.869,0,C:0 T:0 P:0 W:62,130,32.026,-0.471895,18.6409,0.0796645,-0.0150893,-0.996708,0
0,1643.09,302,17.1932,304.923,1,C:0 T:0 P:1 W:62,131,32.0602,-0.478358,18.214,0.0796645,-0.0150893,-0.996708,0
0,1640.91,61,12.9587,211.227,0,C:0 T:0 P:0 W:61,132,32.0634,-0.478966,18.1738,0.0796645,-0.0150893,-0.996708,0
0,1645.01,301,18.2214,335.378,1,C:0 T:0 P:1 W:61,133,32.0968,-0.485292,17.756,0.0796645,-0.0150893,-0.996708,0
0,1641.99,60,12.7473,204.882,0,C:0 T:0 P:0 W:60,134,32.1005,-0.485994,17.7096,0.0796645,-0.0150893,-0.996708,0
0,1647.63,300,16.6607,317.547,1,C:0 T:0 P:1 W:60,135,32.1335,-0.492247,17.2966,0.0796645,-0.0150893,-0.996708,0
0,1643.61,59,13.3869,214.805,0,C:0 T:0 P:0 W:59,136,32.1377,-0.493039,17.2442,0.0796645,-0.0150893,-0.996708,0
0,1647.47,299,13.9226,280.353,1,C:0 T:0 P:1 W:59,137,32.1698,-0.499117,16.8428,0.0796645,-0.0150893,-0.996708,0
0,1645.01,58,16.4978,260.999,0,C:0 T:0 P:0 W:58,138,32.1748,-0.500078,16.7793,0.0796645,-0.0150893,-0.996708,0
0,1648.79,298,27.9507,465.307,1,C:0 T:0 P:1 W:58,139,32.2063,-0.506031,16.386,0.0796645,-0.0150893,-0.996708,0
0,1646.72,57,14.6228,242.994,0,C:0 T:0 P:0 W:57,140,32.212,-0.507126,16.3137,0.0769915,-0.0162565,-0.996899,0
0,1648.38,56,12.0448,198.354,0,C:0 T:0 P:0 W:56,141,32.248,-0.514728,15.8476,0.0676993,-0.0203105,-0.997499,0
0,1653.47,296,19.6427,345.148,1,C:0 T:0 P:1 W:56,142,32.2737,-0.522431,15.4693,0.0676993,-0.0203105,-0.997499,0
0,1650.67,55,11.1191,180.937,0,C:0 T:0 P:0 W:55,143,32.2799,-0.524269,15.379,0.0676993,-0.0203105,-0.997499,0
0,1654.5,295,16.4005,298.492,1,C:0 T:0 P:1 W:55,144,32.3046,-0.531707,15.0137,0.0676993,-0.0203105,-0.997499,0
0,1651.9,54,11.8576,180.632,0,C:0 T:0 P:0 W:54,145,32.3115,-0.533771,14.9123,0.0676993,-0.0203105,-0.997499,0
0,1658.34,294,19.468,351.603,1,C:0 T:0 P:1 W:54,146,32.3359,-0.541081,14.5533,0.0676993,-0.0203105,-0.997499,0
0,1653.98,53,12.5222,201.562,0,C:0 T:0 P:0 W:53,147,32.3433,-0.543305,14.4441,0.0676993,-0.0203105,-0.997499,0
0,1657.97,293,16.2468,289.323,1,C:0 T:0 P:1 W:53,148,32.3666,-0.550308,14.1001,0.0676993,-0.0203105,-0.997499,0
0,1655.6,52,12.2766,194.918,0,C:0 T:0 P:0 W:52,149,32.375,-0.552821,13.9767,0.0676993,-0.0203105,-0.997499,0
0,1659.3,292,17.0723,298.381,1,C:0 T:0 P:1 W:52,150,32.3976,-0.559595,13.644,0.0676993,-0.0203105,-0.997499,0
0,1656.39,51,12.8749,213.206,0,C:0 T:0 P:0 W:51,151,32.4066,-0.562307,13.5108,0.0676993,-0.0203105,-0.997499,0
0,1660.6,291,21.8411,344.892,1,C:0 T:0 P:1 W:51,152,32.4286,-0.56888,13.188,0.0676993,-0.0203105,-0.997499,0
0,1658.34,50,12.6971,207.248,0,C:0 T:0 P:0 W:50,153,32.4384,-0.571836,13.0429,0.0676993,-0.0203105,-0.997499,0
0,1661.66,290,19.2051,335.732,1,C:0 T:0 P:1 W:50,154,32.4595,-0.578157,12.7324,0.0676993,-0.0203105,-0.997499,0
0,1659.56,49,12.135,189.278,0,C:0 T:0 P:0 W:49,155,32.4701,-0.581338,12.5762,0.0676993,-0.0203105,-0.997499,0
0,1665.96,289,20.417,360.106,1,C:0 T:0 P:1 W:49,156,32.4908,-0.587548,12.2712,0.0676993,-0.0203105,-0.997499,0
0,1661.55,48,11.9482,195.987,0,C:0 T:0 P:0 W:48,157,32.5018,-0.590868,12.1081,0.0676993,-0.0203105,-0.997499,0
0,1667.04,288,17.0676,311.903,1,C:0 T:0 P:1 W:48,158,32.5217,-0.596826,11.8155,0.0676993,-0.0203105,-0.997499,0
0,1664.43,47,12.5739,197.288,0,C:0 T:0 P:0 W:47,159,32.5337,-0.600431,11.6385,0.0676993,-0.0203105,-0.997499,0
0,1659.9,287,13.7865,232.839,1,C:0 T:0 P:1 W:47,160,32.5517,-0.605815,11.3741,0.0670839,-0.0152899,-0.99763,0
0,1665.9,46,11.3666,173.959,0,C:0 T:0 P:0 W:46,161,32.5653,-0.608912,11.172,0.0664317,-0.00998482,-0.997741,0
0,1668.24,286,14.6159,294.357,1,C:0 T:0 P:1 W:46,162,32.5831,-0.611597,10.9037,0.0664317,-0.00998482,-0.997741,0
0,1667.82,45,10.9928,171.859,0,C:0 T:0 P:0 W:45,163,32.5962,-0.613568,10.7068,0.0664317,-0.00998482,-0.997741,0
0,1668.64,285,18.2405,320.305,1,C:0 T:0 P:1 W:45,164,32.6136,-0.616173,10.4464,0.0664317,-0.00998482,-0.997741,0
0,1669.23,44,11.4662,186.876,0,C:0 T:0 P:0 W:44,165,32.6271,-0.618214,10.2425,0.0664317,-0.00998482,-0.997741,0
0,1670.87,284,17.0215,305.29,1,C:0 T:0 P:1 W:44,166,32.6442,-0.62078,9.98605,0.0664317,-0.00998482,-0.997741,0
0,1670.42,43,12.4458,202.815,0,C:0 T:0 P:0 W:43,167,32.658,-0.622856,9.77863,0.0664317,-0.00998482,-0.997741,0
0,1674.42,283,19.7046,369.087,1,C:0 T:0 P:1 W:43,168,32.675,-0.62541,9.5234,0.0664317,-0.00998482,-0.997741,0
0,1672.75,42,10.8641,174.179,0,C:0 T:0 P:0 W:42,169,32.689,-0.627518,9.31274,0.0664317,-0.00998482,-0.997741,0
0,1677.25,282,13.2874,292.909,1,C:0 T:0 P:1 W:42,170,32.7057,-0.630028,9.062,0.0664317,-0.00998482,-0.997741,0
0,1674.3,41,10.5574,168.513,0,C:0 T:0 P:0 W:41,171,32.72,-0.632167,8.84822,0.0664317,-0.00998482,-0.997741,0
0,1681.34,281,24.3655,338.777,1,C:0 T:0 P:1 W:41,172,32.7366,-0.634667,8.59844,0.0664317,-0.00998482,-0.997741,0
0,1676.04,40,10.5247,168.8,0,C:0 T:0 P:0 W:40,173,32.7509,-0.636819,8.38337,0.0664317,-0.00998482,-0.997741,0
0,1675.95,280,16.5593,265.028,1,C:0 T:0 P:1 W:40,174,32.7664,-0.639143,8.1511,0.0664317,-0.00998482,-0.997741,0
0,1679.18,39,10.554,193.979,0,C:0 T:0 P:0 W:39,175,32.782,-0.641496,7.91606,0.0664317,-0.00998482,-0.997741,0
0,1678.07,279,17.6412,303.786,1,C:0 T:0 P:1 W:39,176,32.797,-0.643749,7.69091,0.0664317,-0.00998482,-0.997741,0
0,1681.13,38,11.4277,212.329,0,C:0 T:0 P:0 W:38,177,32.813,-0.646151,7.45085,0.0664317,-0.00998482,-0.997741,0
0,1681.83,278,16.305,280.404,1,C:0 T:0 P:1 W:38,178,32.8279,-0.648382,7.22791,0.0664317,-0.00998482,-0.997741,0
0,1679.21,37,8.71875,139.875,0,C:0 T:0 P:0 W:37,179,32.8435,-0.650739,6.99241,0.0664317,-0.00998482,-0.997741,0
0,1682.7,277,19.9807,310.602,1,C:0 T:0 P:1 W:37,180,32.8584,-0.652966,6.76987,0.0664317,-0.00998482,-0.997741,0
0,1680.92,36,9.35984,140.931,0,C:0 T:0 P:0 W:36,181,32.8745,-0.65539,6.52761,0.0692038,-0.00570011,-0.997586,0
0,1683.56,276,16.1236,264.982,1,C:0 T:0 P:1 W:36,182,32.8895,-0.656625,6.31151,0.0730502,0.000249648,-0.997328,0
0,1682.48,35,9.656,145.577,0,C:0 T:0 P:0 W:35,183,32.9075,-0.656564,6.06531,0.0730502,0.000249648,-0.997328,0
0,1684.91,275,12.6406,256.977,1,C:0 T:0 P:1 W:35,184,32.9233,-0.65651,5.85029,0.0730502,0.000249648,-0.997328,0
0,1684.08,34,10.2158,157.683,0,C:0 T:0 P:0 W:34,185,32.9413,-0.656448,5.60372,0.0730502,0.000249648,-0.997328,0
0,1686.33,274,11.2602,278.79,1,C:0 T:0 P:1 W:34,186,32.957,-0.656394,5.38892,0.0730502,0.000249648,-0.997328,0
0,1686.1,33,10.4582,163.68,0,C:0 T:0 P:0 W:33,187,32.9752,-0.656332,5.14136,0.0730502,0.000249648,-0.997328,0
0,1689.44,273,13.3526,245.11,1,C:0 T:0 P:1 W:33,188,32.9911,-0.656278,4.92432,0.0730502,0.000249648,-0.997328,0
0,1686.72,32,12.9588,216.212,0,C:0 T:0 P:0 W:32,189,33.0089,-0.656217,4.68165,0.0730502,0.000249648,-0.997328,0
0,1689.98,272,18.5905,342.139,1,C:0 T:0 P:1 W:32,190,33.0247,-0.656163,4.46463,0.0730502,0.000249648,-0.997328,0
0,1687.89,31,12.8994,203.05,0,C:0 T:0 P:0 W:31,191,33.0426,-0.656102,4.22087,0.0730502,0.000249648,-0.997328,0
0,1690.44,30,10.1388,155.356,0,C:0 T:0 P:0 W:30,192,33.0765,-0.655986,3.75749,0.0730502,0.000249648,-0.997328,0
0,1692.63,270,16.2958,277.771,1,C:0 T:0 P:1 W:30,193,33.0923,-0.655932,3.54225,0.0730502,0.000249648,-0.997328,0
0,1692.2,29,9.96194,152.783,0,C:0 T:0 P:0 W:29,194,33.1104,-0.65587,3.2956,0.0730502,0.000249648,-0.997328,0
0,1696.66,269,14.8265,269.269,1,C:0 T:0 P:1 W:29,195,33.1265,-0.655815,3.0759,0.0730502,0.000249648,-0.997328,0
0,1694.21,28,9.24072,142.618,0,C:0 T:0 P:0 W:28,196,33.1442,-0.655755,2.83325,0.0730502,0.000249648,-0.997328,0
0,1699.04,268,14.2132,259.692,1,C:0 T:0 P:1 W:28,197,33.1604,-0.655699,2.61272,0.0730502,0.000249648,-0.997328,0
0,1696.18,27,10.5755,175.15,0,C:0 T:0 P:0 W:27,198,33.1781,-0.655639,2.37096,0.0730502,0.000249648,-0.997328,0
0,1701.29,267,15.2008,286.938,1,C:0 T:0 P:1 W:27,199,33.1943,-0.655583,2.14975,0.0730502,0.000249648,-0.997328,0
0,1697.24,26,11.7544,217.13,0,C:0 T:0 P:0 W:26,200,33.2118,-0.655524,1.9104,0.0730502,0.000249648,-0.997328,0
0,1704.27,266,15.0041,288.83,1,C:0 T:0 P:1 W:26,201,33.2283,-0.655467,1.68541,0.0730502,0.000249648,-0.997328,0
0,1701.78,25,17.1395,283.029,0,C:0 T:0 P:0 W:25,202,33.2461,-0.655407,1.44323,0.0730502,0.000249648,-0.997328,0
1,1525.37,136,37.3355,532.565,0,C:0 T:0 P:0 W:136,0,29.8336,-2.44008,51.6793,0.223249,-0.878089,0.423225,0
1,1529.0,372,169.885,6504.31,1,C:0 T:0 P:1 W:132,1,29.836,-2.44944,51.6838,0.223249,-0.878089,0.423225,0
1,1533.35,137,26.8082,389.874,0,C:0 T:0 P:0 W:137,2,29.9477,-2.88896,51.8957,0.223249,-0.878089,0.423225,0
1,1538.47,138,28.8681,414.12,0,C:0 T:0 P:0 W:138,3,30.0578,-3.32207,52.1044,0.223249,-0.878089,0.423225,0
1,1544.32,139,30.457,441.419,0,C:0 T:0 P:0 W:139,4,30.169,-3.75925,52.3152,0.223249,-0.878089,0.423225,0
1,1550.24,140,24.3115,415.422,0,C:0 T:0 P:0 W:140,5,30.2802,-4.19675,52.526,0.223249,-0.878089,0.423225,0
1,1555.23,141,34.0852,490.229,0,C:0 T:0 P:0 W:141,6,30.3902,-4.62917,52.7344,0.223249,-0.878089,0.423225,0
1,1560.48,142,32.7067,478.663,0,C:0 T:0 P:0 W:142,7,30.5005,-5.06298,52.9435,0.223249,-0.878089,0.423225,0
1,1565.04,143,44.4871,616.168,0,C:0 T:0 P:0 W:143,8,30.6098,-5.49305,53.1508,0.223249,-0.878089,0.423225,0
1,1571.45,144,32.8454,478.163,0,C:0 T:0 P:0 W:144,9,30.7217,-5.93326,53.363,0.226998,-0.876658,0.424196,0
1,1578.15,145,22.9401,409.827,0,C:0 T:0 P:0 W:145,10,30.8359,-6.37436,53.5764,0.251127,-0.867055,0.430292,0
1,1583.92,146,36.2537,529.275,0,C:0 T:0 P:0 W:146,11,30.9595,-6.80113,53.7882,0.251127,-0.867055,0.430292,0
1,1590.72,147,24.8292,430.789,0,C:0 T:0 P:0 W:147,12,31.0849,-7.23406,54.0031,0.251127,-0.867055,0.430292,0
1,1595.13,371,86.7387,3526.67,1,C:0 T:0 P:1 W:131,13,31.1358,-7.40953,54.0902,0.251127,-0.867055,0.430292,0
1,1595.95,148,34.2238,503.541,0,C:0 T:0 P:0 W:148,14,31.2076,-7.6576,54.2133,0.251127,-0.867055,0.430292,0
1,1601.93,149,27.7049,424.93,0,C:0 T:0 P:0 W:149,15,31.3316,-8.08559,54.4257,0.251127,-0.867055,0.430292,0
1,1607.77,150,35.8957,500.341,0,C:0 T:0 P:0 W:150,16,31.4553,-8.5128,54.6377,0.251127,-0.867055,0.430292,0
1,1613.11,151,34.275,532.381,0,C:0 T:0 P:0 W:151,17,31.5782,-8.93697,54.8482,0.251127,-0.867055,0.430292,0
1,1620.35,152,36.7854,581.063,0,C:0 T:0 P:0 W:152,18,31.7043,-9.37251,55.0643,0.251127,-0.867055,0.430292,0
1,1627.23,153,35.2021,540.779,0,C:0 T:0 P:0 W:153,19,31.8298,-9.80595,55.2794,0.251127,-0.867055,0.430292,0
1,1634.44,154,36.3517,578.801,0,C:0 T:0 P:0 W:154,20,31.9559,-10.2414,55.4955,0.2573,-0.865491,0.429793,0
1,1641.7,155,38.4144,605.993,0,C:0 T:0 P:0 W:155,21,32.0855,-10.6771,55.7119,0.306912,-0.851525,0.425101,0
1,1650.23,156,34.5528,538.146,0,C:0 T:0 P:0 W:156,22,32.2418,-11.1107,55.9284,0.306912,-0.851525,0.425101,0
1,1657.55,157,38.5796,605.862,0,C:0 T:0 P:0 W:157,23,32.395,-11.5359,56.1406,0.306912,-0.851525,0.425101,0
1,1664.99,158,36.7461,582.44,0,C:0 T:0 P:0 W:158,24,32.5485,-11.9618,56.3532,0.306912,-0.851525,0.425101,0
1,1672.67,159,45.7414,712.043,0,C:0 T:0 P:0 W:159,25,32.7027,-12.3895,56.5667,0.306912,-0.851525,0.425101,0
1,1679.21,160,39.1443,606.997,0,C:0 T:0 P:0 W:160,26,32.8539,-12.809,56.7762,0.306912,-0.851525,0.425101,0
1,1687.14,161,43.7459,645.398,0,C:0 T:0 P:0 W:161,27,33.0087,-13.2384,56.9905,0.306912,-0.851525,0.425101,0
1,1690.92,370,160.35,12672.8,1,C:0 T:0 P:1 W:130,28,33.0159,-13.2586,57.0006,0.306912,-0.851525,0.425101,0
1,1695.49,162,40.6821,616.196,0,C:0 T:0 P:0 W:162,29,33.1645,-13.6708,57.2064,0.306912,-0.851525,0.425101,0
1,1703.9,163,44.6349,661.372,0,C:0 T:0 P:0 W:163,30,33.3205,-14.1036,57.4225,0.306912,-0.851525,0.425101,0
1,1713.12,164,48.5996,716.264,0,C:0 T:0 P:0 W:164,31,33.4786,-14.5422,57.6414,0.306912,-0.851525,0.425101,0
1,1721.04,165,47.8318,693.675,0,C:0 T:0 P:0 W:165,32,33.6333,-14.9716,57.8558,0.306912,-0.851525,0.425101,0
1,1725.19,166,28.8263,401.699,0,C:0 T:0 P:0 W:166,33,33.7785,-15.3742,58.0568,0.306912,-0.851525,0.425101,0
2,1176.62,96,29.9565,434.454,0,C:0 T:0 P:0 W:96,0,22.9428,2.34777,35.9847,0.336833,-0.173964,0.925354,0
2,1182.09,97,48.2938,720.5,0,C:0 T:0 P:0 W:97,1,23.089,2.27231,36.3861,0.336833,-0.173964,0.925354,0
2,1187.78,98,58.4333,929.265,0,C:0 T:0 P:0 W:98,2,23.2356,2.19657,36.7889,0.336833,-0.173964,0.925354,0
2,1199.53,99,41.2596,651.767,0,C:0 T:0 P:0 W:99,3,23.3972,2.1131,37.2329,0.336833,-0.173964,0.925354,0
2,1209.66,347,91.0866,1279.84,1,C:0 T:0 P:1 W:107,4,23.5184,2.05053,37.5658,0.336833,-0.173964,0.925354,0
2,1208.68,100,30.2591,444.032,0,C:0 T:0 P:0 W:100,5,23.5524,2.03295,37.6593,0.336868,-0.174447,0.92525,0
2,1214.25,348,89.3465,1294.21,1,C:0 T:0 P:1 W:108,6,23.6888,1.96233,38.0338,0.339649,-0.216694,0.91525,0
2,1213.84,101,32.445,486.298,0,C:0 T:0 P:0 W:101,7,23.6977,1.95666,38.0578,0.339649,-0.216694,0.91525,0
2,1220.47,102,30.6367,473.923,0,C:0 T:0 P:0 W:102,8,23.8459,1.86208,38.4573,0.339649,-0.216694,0.91525,0
2,1223.96,349,120.748,1887.02,1,C:0 T:0 P:1 W:109,9,23.8858,1.83663,38.5648,0.339649,-0.216694,0.91525,0
2,1229.31,103,25.9087,380.042,0,C:0 T:0 P:0 W:103,10,23.9995,1.76407,38.8712,0.339649,-0.216694,0.91525,0
2,1236.75,350,83.8533,1285.21,1,C:0 T:0 P:1 W:110,11,24.0948,1.70332,39.1278,0.339649,-0.216694,0.91525,0
2,1240.46,104,26.8163,366.794,0,C:0 T:0 P:0 W:104,12,24.1588,1.66245,39.3005,0.339649,-0.216694,0.91525,0
2,1247.59,351,57.1779,921.931,1,C:0 T:0 P:1 W:111,13,24.2961,1.57487,39.6704,0.339649,-0.216694,0.91525,0
2,1247.6,105,17.8366,274.403,0,C:0 T:0 P:0 W:105,14,24.3083,1.56709,39.7032,0.339649,-0.216694,0.91525,0
2,1249.39,106,40.1967,635.568,0,C:0 T:0 P:0 W:106,15,24.4447,1.48007,40.0708,0.339649,-0.216694,0.91525,0
2,1253.47,352,96.3506,1474.83,1,C:0 T:0 P:1 W:112,16,24.4771,1.45936,40.1582,0.403847,-0.238717,0.883132,0
2,1259.79,107,37.9101,610.409,0,C:0 T:0 P:0 W:107,17,24.624,1.37256,40.4794,0.403847,-0.238717,0.883132,0
2,1269.61,353,108.296,1666.8,1,C:0 T:0 P:1 W:113,18,24.7444,1.30138,40.7427,0.403847,-0.238717,0.883132,0
2,1271.5,108,16.0305,272.506,0,C:0 T:0 P:0 W:108,19,24.8148,1.25975,40.8967,0.403847,-0.238717,0.883132,0
2,1280.69,109,22.2062,351.438,0,C:0 T:0 P:0 W:109,20,24.9971,1.15199,41.2954,0.403847,-0.238717,0.883132,0
2,1286.8,354,61.0219,931.056,1,C:0 T:0 P:1 W:114,21,25.0193,1.13891,41.3438,0.403847,-0.238717,0.883132,0
2,1289.87,110,18.4866,344.03,0,C:0 T:0 P:0 W:110,22,25.1794,1.04423,41.694,0.403847,-0.238717,0.883132,0
2,1295.98,355,38.0084,722.389,1,C:0 T:0 P:1 W:115,23,25.2498,1.00263,41.8479,0.403847,-0.238717,0.883132,0
2,1296.47,111,31.9857,499.473,0,C:0 T:0 P:0 W:111,24,25.353,0.941647,42.0735,0.403847,-0.238717,0.883132,0
2,1304.66,356,68.2047,1012.71,1,C:0 T:0 P:1 W:116,25,25.4777,0.867946,42.3462,0.398574,-0.217775,0.890906,0
2,1307.36,112,27.8227,410.966,0,C:0 T:0 P:0 W:112,26,25.5406,0.833556,42.4869,0.396241,-0.208732,0.894105,0
2,1320.68,113,15.9211,247.06,0,C:0 T:0 P:0 W:113,27,25.7347,0.731305,42.9249,0.396241,-0.208732,0.894105,0
2,1326.15,357,26.2237,397.837,1,C:0 T:0 P:1 W:117,28,25.7638,0.715999,42.9904,0.396241,-0.208732,0.894105,0
2,1326.07,114,27.9124,365.188,0,C:0 T:0 P:0 W:114,29,25.9025,0.642916,43.3035,0.396241,-0.208732,0.894105,0
2,1330.74,358,79.5795,1202.16,1,C:0 T:0 P:1 W:118,30,25.9624,0.611364,43.4386,0.396241,-0.208732,0.894105,0
2,1333.85,115,27.2916,399.524,0,C:0 T:0 P:0 W:115,31,26.0782,0.550365,43.6999,0.396241,-0.208732,0.894105,0
2,1343.92,359,101.562,1554.94,1,C:0 T:0 P:1 W:119,32,26.2048,0.483695,43.9855,0.396241,-0.208732,0.894105,0
2,1343.74,116,28.4094,430.316,0,C:0 T:0 P:0 W:116,33,26.2609,0.454115,44.1122,0.396241,-0.208732,0.894105,0
2,1355.84,117,19.9621,285.267,0,C:0 T:0 P:0 W:117,34,26.451,0.353988,44.5411,0.396241,-0.208732,0.894105,0
2,1360.64,360,38.7844,610.935,1,C:0 T:0 P:1 W:120,35,26.4651,0.346547,44.573,0.399005,-0.205524,0.893619,0
2,1360.89,118,30.1695,395.159,0,C:0 T:0 P:0 W:118,36,26.6181,0.267738,44.9156,0.432816,-0.165251,0.886207,0
2,1366.21,361,80.7498,1203.61,1,C:0 T:0 P:1 W:121,37,26.6713,0.247437,45.0245,0.432816,-0.165251,0.886207,0
2,1369.75,119,27.5949,414.294,0,C:0 T:0 P:0 W:119,38,26.8156,0.192317,45.3201,0.432816,-0.165251,0.886207,0
2,1379.44,362,94.1445,1430.91,1,C:0 T:0 P:1 W:122,39,26.9261,0.150161,45.5462,0.432816,-0.165251,0.886207,0
2,1381.19,120,27.0104,472.451,0,C:0 T:0 P:0 W:120,40,27.0236,0.112903,45.746,0.432816,-0.165251,0.886207,0
2,1399.4,363,97.5819,1546.34,1,C:0 T:0 P:1 W:123,41,27.2186,0.0384807,46.1451,0.432816,-0.165251,0.886207,0
2,1397.14,121,19.1916,321.565,0,C:0 T:0 P:0 W:121,42,27.2498,0.0265437,46.2091,0.432816,-0.165251,0.886207,0
2,1407.21,364,18.7222,262.31,1,C:0 T:0 P:1 W:124,43,27.443,-0.0472115,46.6046,0.432816,-0.165251,0.886207,0
2,1407.4,122,15.7774,255.012,0,C:0 T:0 P:0 W:122,44,27.453,-0.0510439,46.6252,0.432816,-0.165251,0.886207,0
2,1414.44,123,27.0517,371.994,0,C:0 T:0 P:0 W:123,45,27.6433,-0.123668,47.0147,0.432816,-0.165251,0.886207,0
2,1418.62,365,82.5223,1206.76,1,C:0 T:0 P:1 W:125,46,27.6876,-0.1406,47.1055,0.432816,-0.165251,0.886207,0
2,1424.1,124,18.6174,307.444,0,C:0 T:0 P:0 W:124,47,27.844,-0.200322,47.4257,0.418728,-0.167911,0.892453,0
2,1434.14,366,60.7054,1007.57,1,C:0 T:0 P:1 W:126,48,27.9518,-0.243529,47.6554,0.410973,-0.169349,0.89578,0
2,1438.76,125,9.70099,166.919,0,C:0 T:0 P:0 W:125,49,28.0553,-0.286171,47.8809,0.410973,-0.169349,0.89578,0
2,1448.11,126,13.6759,232.862,0,C:0 T:0 P:0 W:126,50,28.2449,-0.364327,48.2943,0.410973,-0.169349,0.89578,0
2,1454.01,368,71.9314,1034.16,1,C:0 T:0 P:1 W:128,51,28.4052,-0.430359,48.6436,0.410973,-0.169349,0.89578,0
2,1454.49,127,18.2018,293.99,0,C:0 T:0 P:0 W:127,52,28.4238,-0.438026,48.6842,0.410973,-0.169349,0.89578,0
2,1460.76,128,18.3643,303.072,0,C:0 T:0 P:0 W:128,53,28.6022,-0.511553,49.0731,0.410973,-0.169349,0.89578,0
2,1464.88,369,65.3285,951.529,1,C:0 T:0 P:1 W:129,54,28.6367,-0.525762,49.1483,0.410973,-0.169349,0.89578,0
2,1472.86,129,20.6982,349.723,0,C:0 T:0 P:0 W:129,55,28.8019,-0.593844,49.5084,0.410973,-0.169349,0.89578,0
2,1480.29,370,71.8848,1127.71,1,C:0 T:0 P:1 W:130,56,28.8915,-0.630748,49.7036,0.410973,-0.169349,0.89578,0
2,1485.03,130,16.033,282.308,0,C:0 T:0 P:0 W:130,57,29.0019,-0.676243,49.9442,0.410973,-0.169349,0.89578,0
2,1497.39,371,69.1694,1059.68,1,C:0 T:0 P:1 W:131,58,29.1549,-0.739308,50.2778,0.410973,-0.169349,0.89578,0
65539,1372.75,382,9.2507,123.706,1,C:0 T:0 P:1 W:142,0,26.7814,-1.75042,55.9128,0.505448,0.17893,-0.844101,0
65539,1380.55,144,9.77494,194.652,0,C:0 T:0 P:0 W:144,1,26.886,-1.71341,55.7382,0.505448,0.17893,-0.844101,0
65539,1384.58,143,59.4961,862.814,0,C:0 T:0 P:0 W:143,2,27.0864,-1.64245,55.4035,0.505448,0.17893,-0.844101,0
65539,1388.54,381,165.003,2556.41,1,C:0 T:0 P:1 W:141,3,27.0946,-1.63955,55.3898,0.505448,0.17893,-0.844101,0
65539,1398.05,142,48.7611,762.037,0,C:0 T:0 P:0 W:142,4,27.3378,-1.55346,54.9836,0.504536,0.170725,-0.846343,0
65539,1406.16,380,147.798,2506.0,1,C:0 T:0 P:1 W:140,5,27.421,-1.5253,54.844,0.50357,0.162358,-0.848562,0
65539,1411.47,141,38.8238,655.468,0,C:0 T:0 P:0 W:141,6,27.5891,-1.47109,54.5607,0.50357,0.162358,-0.848562,0
65539,1423.88,379,124.002,2009.13,1,C:0 T:0 P:1 W:139,7,27.744,-1.42117,54.2998,0.50357,0.162358,-0.848562,0
65539,1423.78,140,40.3103,607.32,0,C:0 T:0 P:0 W:140,8,27.8346,-1.39196,54.1471,0.50357,0.162358,-0.848562,0
65539,1437.96,378,109.426,1735.51,1,C:0 T:0 P:1 W:138,9,28.0403,-1.32562,53.8005,0.50357,0.162358,-0.848562,0
65539,1435.87,139,34.4738,482.344,0,C:0 T:0 P:0 W:139,10,28.0788,-1.3132,53.7355,0.50357,0.162358,-0.848562,0
65539,1447.37,138,42.7884,622.043,0,C:0 T:0 P:0 W:138,11,28.3198,-1.2355,53.3294,0.50357,0.162358,-0.848562,0
65539,1451.78,377,115.252,1804.12,1,C:0 T:0 P:1 W:137,12,28.3348,-1.23069,53.3043,0.50357,0.162358,-0.848562,0
65539,1460.91,137,34.1714,552.125,0,C:0 T:0 P:0 W:137,13,28.572,-1.15421,52.9046,0.485979,0.164733,-0.858305,0
65539,1470.48,376,133.347,2108.07,1,C:0 T:0 P:1 W:136,14,28.6607,-1.12413,52.7478,0.441505,0.170329,-0.880944,0
65539,1472.05,136,30.4004,515.641,0,C:0 T:0 P:0 W:136,15,28.7913,-1.07373,52.4872,0.441505,0.170329,-0.880944,0
65539,1482.59,375,93.2674,1528.25,1,C:0 T:0 P:1 W:135,16,28.9145,-1.02621,52.2414,0.441505,0.170329,-0.880944,0
65539,1479.46,135,39.2977,520.442,0,C:0 T:0 P:0 W:135,17,28.9862,-0.998548,52.0983,0.441505,0.170329,-0.880944,0
65539,1520.0,135,33.8018,472.79,0,C:0 T:0 P:0 W:135,18,29.156,-0.933057,51.7596,0.441505,0.170329,-0.880944,0
65539,1493.52,374,112.292,1840.63,1,C:0 T:0 P:1 W:134,19,29.1614,-0.930968,51.7488,0.441505,0.170329,-0.880944,0
65539,1487.49,134,27.7267,320.236,0,C:0 T:0 P:0 W:134,20,29.1837,-0.922372,51.7043,0.441505,0.170329,-0.880944,0
65539,1515.78,134,27.3085,453.9,0,C:0 T:0 P:0 W:134,21,29.3022,-0.876669,51.468,0.441505,0.170329,-0.880944,0
65539,1507.22,373,132.647,2123.19,1,C:0 T:0 P:1 W:133,22,29.4245,-0.829455,51.2238,0.441505,0.170329,-0.880944,0
65539,1506.6,133,54.4945,800.548,0,C:0 T:0 P:0 W:133,23,29.4275,-0.828293,51.2178,0.441505,0.170329,-0.880944,0
