eid/I,type/S,id/I,index/I,x/F,y/F,z/F,dirx/F,diry/F,dirz/F,p/F
1,pmtrack,0,0,29.4108,-1.02638,50.6487,0.10971,0.035345,-0.993335,0
1,pmtrack,0,1,29.4585,-1.01102,50.217,0.10971,0.035345,-0.993335,0
1,pmtrack,0,2,29.5111,-0.994092,49.7413,0.10971,0.035345,-0.993335,0
1,pmtrack,0,3,29.541,-0.984435,49.4699,0.10971,0.035345,-0.993335,0
1,pmtrack,0,4,29.5606,-0.978127,49.2927,0.10971,0.035345,-0.993335,0
1,pmtrack,0,5,29.5959,-0.966758,48.9731,0.10971,0.035345,-0.993335,0
1,pmtrack,0,6,29.611,-0.961909,48.8369,0.10971,0.035345,-0.993335,0
1,pmtrack,0,7,29.6475,-0.95012,48.5055,0.10971,0.035345,-0.993335,0
1,pmtrack,0,8,29.6612,-0.945724,48.382,0.10971,0.035345,-0.993335,0
1,pmtrack,0,9,29.6996,-0.933347,48.0341,0.10971,0.035345,-0.993335,0
1,pmtrack,0,10,29.7107,-0.929785,47.9341,0.10971,0.035345,-0.993335,0
1,pmtrack,0,11,29.7517,-0.916565,47.5625,0.10971,0.035345,-0.993335,0
1,pmtrack,0,12,29.7601,-0.91387,47.4868,0.106923,0.0344892,-0.993669,0
1,pmtrack,0,13,29.8024,-0.9002,47.0929,0.0763253,0.0250925,-0.996767,0
1,pmtrack,0,14,29.807,-0.898692,47.033,0.0763253,0.0250925,-0.996767,0
1,pmtrack,0,15,29.8422,-0.88713,46.5738,0.0763253,0.0250925,-0.996767,0
1,pmtrack,0,16,29.874,-0.876673,46.1584,0.0763253,0.0250925,-0.996767,0
1,pmtrack,0,17,29.8765,-0.875842,46.1253,0.0763253,0.0250925,-0.996767,0
1,pmtrack,0,18,29.91,-0.864833,45.688,0.0763253,0.0250925,-0.996767,0
1,pmtrack,0,19,29.9111,-0.86447,45.6736,0.0763253,0.0250925,-0.996767,0
1,pmtrack,0,20,29.9452,-0.853268,45.2286,0.0763253,0.0250925,-0.996767,0
1,pmtrack,0,21,29.9464,-0.852868,45.2127,0.0763253,0.0250925,-0.996767,0
1,pmtrack,0,22,29.9813,-0.841384,44.7565,0.0763253,0.0250925,-0.996767,0
1,pmtrack,0,23,29.9815,-0.84134,44.7548,0.0763253,0.0250925,-0.996767,0
1,pmtrack,0,24,30.016,-0.829981,44.3036,0.0763253,0.0250925,-0.996767,0
1,pmtrack,0,25,30.0509,-0.818511,43.8479,0.0763253,0.0250925,-0.996767,0
1,pmtrack,0,26,30.0528,-0.817877,43.8227,0.0763253,0.0250925,-0.996767,0
1,pmtrack,0,27,30.0861,-0.806933,43.388,0.0763253,0.0250925,-0.996767,0
1,pmtrack,0,28,30.0896,-0.805799,43.343,0.0763253,0.0250925,-0.996767,0
1,pmtrack,0,29,30.1211,-0.795436,42.9313,0.0884795,0.0203987,-0.995869,0
1,pmtrack,0,30,30.1611,-0.786219,42.4814,0.0895284,0.0199932,-0.995784,0
1,pmtrack,0,31,30.1679,-0.784704,42.4059,0.0895284,0.0199932,-0.995784,0
1,pmtrack,0,32,30.2024,-0.777001,42.0222,0.0895284,0.0199932,-0.995784,0
1,pmtrack,0,33,30.2096,-0.775374,41.9412,0.0895284,0.0199932,-0.995784,0
1,pmtrack,0,34,30.2437,-0.767767,41.5623,0.0895284,0.0199932,-0.995784,0
1,pmtrack,0,35,30.2519,-0.765937,41.4712,0.0895284,0.0199932,-0.995784,0
1,pmtrack,0,36,30.2846,-0.758647,41.1081,0.0895284,0.0199932,-0.995784,0
1,pmtrack,0,37,30.3253,-0.749536,40.6543,0.0895284,0.0199932,-0.995784,0
1,pmtrack,0,38,30.3355,-0.747278,40.5418,0.0895284,0.0199932,-0.995784,0
1,pmtrack,0,39,30.3666,-0.740329,40.1958,0.0895284,0.0199932,-0.995784,0
1,pmtrack,0,40,30.4079,-0.731092,39.7357,0.0895284,0.0199932,-0.995784,0
1,pmtrack,0,41,30.419,-0.728624,39.6128,0.0895284,0.0199932,-0.995784,0
1,pmtrack,0,42,30.4491,-0.721895,39.2776,0.0895284,0.0199932,-0.995784,0
1,pmtrack,0,43,30.4615,-0.719132,39.14,0.0895284,0.0199932,-0.995784,0
1,pmtrack,0,44,30.4897,-0.712828,38.826,0.0895284,0.0199932,-0.995784,0
1,pmtrack,0,45,30.5032,-0.709811,38.6757,0.0822485,0.0213361,-0.996383,0
1,pmtrack,0,46,30.5286,-0.703238,38.3688,0.0554612,0.0262602,-0.998115,0
1,pmtrack,0,47,30.5377,-0.698902,38.204,0.0554612,0.0262602,-0.998115,0
1,pmtrack,0,48,30.554,-0.691214,37.9118,0.0554612,0.0262602,-0.998115,0
1,pmtrack,0,49,30.5638,-0.686561,37.7349,0.0554612,0.0262602,-0.998115,0
1,pmtrack,0,50,30.5791,-0.679328,37.46,0.0554612,0.0262602,-0.998115,0
1,pmtrack,0,51,30.5897,-0.674284,37.2683,0.0554612,0.0262602,-0.998115,0
1,pmtrack,0,52,30.6043,-0.667395,37.0064,0.0554612,0.0262602,-0.998115,0
1,pmtrack,0,53,30.6298,-0.65533,36.5479,0.0554612,0.0262602,-0.998115,0
1,pmtrack,0,54,30.6419,-0.649568,36.3289,0.0554612,0.0262602,-0.998115,0
1,pmtrack,0,55,30.6551,-0.643324,36.0915,0.0554612,0.0262602,-0.998115,0
1,pmtrack,0,56,30.6682,-0.637108,35.8553,0.0554612,0.0262602,-0.998115,0
1,pmtrack,0,57,30.6804,-0.631367,35.6371,0.0554612,0.0262602,-0.998115,0
1,pmtrack,0,58,30.6939,-0.624972,35.394,0.0554612,0.0262602,-0.998115,0
1,pmtrack,0,59,30.7055,-0.619451,35.1842,0.0554612,0.0262602,-0.998115,0
1,pmtrack,0,60,30.7203,-0.612454,34.9182,0.0554612,0.0262602,-0.998115,0
1,pmtrack,0,61,30.7309,-0.607447,34.7279,0.0554612,0.0262602,-0.998115,0
1,pmtrack,0,62,30.7458,-0.600362,34.4586,0.0554612,0.0262602,-0.998115,0
1,pmtrack,0,63,30.756,-0.595534,34.2751,0.0554612,0.0262602,-0.998115,0
1,pmtrack,0,64,30.7721,-0.587924,33.9859,0.0645062,0.0252548,-0.997598,0
1,pmtrack,0,65,30.7829,-0.583717,33.8197,0.0733025,0.0242744,-0.997014,0
1,pmtrack,0,66,30.8055,-0.576207,33.5112,0.0733025,0.0242744,-0.997014,0
1,pmtrack,0,67,30.8162,-0.572668,33.3659,0.0733025,0.0242744,-0.997014,0
1,pmtrack,0,68,30.8398,-0.564856,33.045,0.0733025,0.0242744,-0.997014,0
1,pmtrack,0,69,30.8498,-0.561553,32.9093,0.0733025,0.0242744,-0.997014,0
1,pmtrack,0,70,30.8744,-0.553417,32.5752,0.0733025,0.0242744,-0.997014,0
1,pmtrack,0,71,30.8833,-0.550441,32.4529,0.0733025,0.0242744,-0.997014,0
1,pmtrack,0,72,30.9085,-0.542117,32.111,0.0733025,0.0242744,-0.997014,0
1,pmtrack,0,73,30.9168,-0.539368,31.9982,0.0733025,0.0242744,-0.997014,0
1,pmtrack,0,74,30.943,-0.530703,31.6423,0.0733025,0.0242744,-0.997014,0
1,pmtrack,0,75,30.9502,-0.528288,31.5431,0.0733025,0.0242744,-0.997014,0
1,pmtrack,0,76,30.9774,-0.519283,31.1732,0.0733025,0.0242744,-0.997014,0
1,pmtrack,0,77,30.9837,-0.517196,31.0875,0.0733025,0.0242744,-0.997014,0
1,pmtrack,0,78,31.012,-0.507832,30.7029,0.0733025,0.0242744,-0.997014,0
1,pmtrack,0,79,31.0173,-0.506092,30.6314,0.0733025,0.0242744,-0.997014,0
1,pmtrack,0,80,31.0466,-0.496368,30.232,0.0733025,0.0242744,-0.997014,0
1,pmtrack,0,81,31.0507,-0.495017,30.1766,0.0733025,0.0242744,-0.997014,0
1,pmtrack,0,82,31.0811,-0.484962,29.7636,0.0733025,0.0242744,-0.997014,0
1,pmtrack,0,83,31.0842,-0.483913,29.7204,0.0755482,0.0215162,-0.99691,0
1,pmtrack,0,84,31.1161,-0.474835,29.2998,0.0841967,0.0108804,-0.99639,0
1,pmtrack,0,85,31.1191,-0.474446,29.2643,0.0841967,0.0108804,-0.99639,0
1,pmtrack,0,86,31.1556,-0.469734,28.8327,0.0841967,0.0108804,-0.99639,0
1,pmtrack,0,87,31.158,-0.469425,28.8045,0.0841967,0.0108804,-0.99639,0
1,pmtrack,0,88,31.1943,-0.464731,28.3746,0.0841967,0.0108804,-0.99639,0
1,pmtrack,0,89,31.1967,-0.464426,28.3466,0.0841967,0.0108804,-0.99639,0
1,pmtrack,0,90,31.2355,-0.459414,27.8877,0.0841967,0.0108804,-0.99639,0
1,pmtrack,0,91,31.2734,-0.454504,27.438,0.0841967,0.0108804,-0.99639,0
1,pmtrack,0,92,31.2743,-0.454398,27.4283,0.0841967,0.0108804,-0.99639,0
1,pmtrack,0,93,31.3128,-0.449424,26.9728,0.0841967,0.0108804,-0.99639,0
1,pmtrack,0,94,31.313,-0.449391,26.9698,0.0841967,0.0108804,-0.99639,0
1,pmtrack,0,95,31.3519,-0.444362,26.5093,0.0841967,0.0108804,-0.99639,0
1,pmtrack,0,96,31.3521,-0.444346,26.5078,0.0841967,0.0108804,-0.99639,0
1,pmtrack,0,97,31.3907,-0.439355,26.0507,0.0841967,0.0108804,-0.99639,0
1,pmtrack,0,98,31.3912,-0.439291,26.0448,0.0841967,0.0108804,-0.99639,0
1,pmtrack,0,99,31.4294,-0.434349,25.5923,0.0841967,0.0108804,-0.99639,0
1,pmtrack,0,100,31.4305,-0.434213,25.5798,0.0841967,0.0108804,-0.99639,0
1,pmtrack,0,101,31.4681,-0.429346,25.1342,0.0841967,0.0108804,-0.99639,0
1,pmtrack,0,102,31.4695,-0.429163,25.1174,0.0864495,0.00241716,-0.996253,0
1,pmtrack,0,103,31.5081,-0.428085,24.673,0.0881043,-0.00381594,-0.996104,0
1,pmtrack,0,104,31.5099,-0.428162,24.6529,0.0881043,-0.00381594,-0.996104,0
1,pmtrack,0,105,31.5492,-0.429865,24.2083,0.0881043,-0.00381594,-0.996104,0
1,pmtrack,0,106,31.5509,-0.429939,24.1889,0.0881043,-0.00381594,-0.996104,0
1,pmtrack,0,107,31.5901,-0.431638,23.7455,0.0881043,-0.00381594,-0.996104,0
1,pmtrack,0,108,31.5916,-0.431701,23.729,0.0881043,-0.00381594,-0.996104,0
1,pmtrack,0,109,31.6311,-0.43341,23.2828,0.0881043,-0.00381594,-0.996104,0
1,pmtrack,0,110,31.6324,-0.433467,23.268,0.0881043,-0.00381594,-0.996104,0
1,pmtrack,0,111,31.6718,-0.435176,22.8219,0.0881043,-0.00381594,-0.996104,0
1,pmtrack,0,112,31.6727,-0.435213,22.8121,0.0881043,-0.00381594,-0.996104,0
1,pmtrack,0,113,31.7128,-0.436951,22.3585,0.0881043,-0.00381594,-0.996104,0
1,pmtrack,0,114,31.7134,-0.436976,22.352,0.0881043,-0.00381594,-0.996104,0
1,pmtrack,0,115,31.7537,-0.438721,21.8964,0.0881043,-0.00381594,-0.996104,0
1,pmtrack,0,116,31.7542,-0.438745,21.8903,0.0881043,-0.00381594,-0.996104,0
1,pmtrack,0,117,31.7949,-0.440507,21.4303,0.0881043,-0.00381594,-0.996104,0
1,pmtrack,0,118,31.7951,-0.440514,21.4284,0.0881043,-0.00381594,-0.996104,0
1,pmtrack,0,119,31.8358,-0.442278,20.9681,0.0881043,-0.00381594,-0.996104,0
1,pmtrack,0,120,31.8362,-0.442293,20.9641,0.0881043,-0.00381594,-0.996104,0
1,pmtrack,0,121,31.8766,-0.444045,20.5068,0.0881043,-0.00381594,-0.996104,0
1,pmtrack,0,122,31.8766,-0.444046,20.5066,0.0803071,-0.0142318,-0.996669,0
1,pmtrack,0,123,31.9137,-0.450614,20.0465,0.0796645,-0.0150893,-0.996708,0
1,pmtrack,0,124,31.9142,-0.450712,20.0401,0.0796645,-0.0150893,-0.996708,0
1,pmtrack,0,125,31.9501,-0.457511,19.591,0.0796645,-0.0150893,-0.996708,0
1,pmtrack,0,126,31.9514,-0.457763,19.5743,0.0796645,-0.0150893,-0.996708,0
1,pmtrack,0,127,31.9868,-0.46447,19.1313,0.0796645,-0.0150893,-0.996708,0
1,pmtrack,0,128,31.9888,-0.464847,19.1064,0.0796645,-0.0150893,-0.996708,0
1,pmtrack,0,129,32.0236,-0.471424,18.672,0.0796645,-0.0150893,-0.996708,0
1,pmtrack,0,130,32.026,-0.471895,18.6409,0.0796645,-0.0150893,-0.996708,0
1,pmtrack,0,131,32.0602,-0.478358,18.214,0.0796645,-0.0150893,-0.996708,0
1,pmtrack,0,132,32.0634,-0.478966,18.1738,0.0796645,-0.0150893,-0.996708,0
1,pmtrack,0,133,32.0968,-0.485292,17.756,0.0796645,-0.0150893,-0.996708,0
1,pmtrack,0,134,32.1005,-0.485994,17.7096,0.0796645,-0.0150893,-0.996708,0
1,pmtrack,0,135,32.1335,-0.492247,17.2966,0.0796645,-0.0150893,-0.996708,0
1,pmtrack,0,136,32.1377,-0.493039,17.2442,0.0796645,-0.0150893,-0.996708,0
1,pmtrack,0,137,32.1698,-0.499117,16.8428,0.0796645,-0.0150893,-0.996708,0
1,pmtrack,0,138,32.1748,-0.500078,16.7793,0.0796645,-0.0150893,-0.996708,0
1,pmtrack,0,139,32.2063,-0.506031,16.386,0.0796645,-0.0150893,-0.996708,0
1,pmtrack,0,140,32.212,-0.507126,16.3137,0.0769915,-0.0162565,-0.996899,0
1,pmtrack,0,141,32.248,-0.514728,15.8476,0.0676993,-0.0203105,-0.997499,0
1,pmtrack,0,142,32.2737,-0.522431,15.4693,0.0676993,-0.0203105,-0.997499,0
1,pmtrack,0,143,32.2799,-0.524269,15.379,0.0676993,-0.0203105,-0.997499,0
1,pmtrack,0,144,32.3046,-0.531707,15.0137,0.0676993,-0.0203105,-0.997499,0
1,pmtrack,0,145,32.3115,-0.533771,14.9123,0.0676993,-0.0203105,-0.997499,0
1,pmtrack,0,146,32.3359,-0.541081,14.5533,0.0676993,-0.0203105,-0.997499,0
1,pmtrack,0,147,32.3433,-0.543305,14.4441,0.0676993,-0.0203105,-0.997499,0
1,pmtrack,0,148,32.3666,-0.550308,14.1001,0.0676993,-0.0203105,-0.997499,0
1,pmtrack,0,149,32.375,-0.552821,13.9767,0.0676993,-0.0203105,-0.997499,0
1,pmtrack,0,150,32.3976,-0.559595,13.644,0.0676993,-0.0203105,-0.997499,0
1,pmtrack,0,151,32.4066,-0.562307,13.5108,0.0676993,-0.0203105,-0.997499,0
1,pmtrack,0,152,32.4286,-0.56888,13.188,0.0676993,-0.0203105,-0.997499,0
1,pmtrack,0,153,32.4384,-0.571836,13.0429,0.0676993,-0.0203105,-0.997499,0
1,pmtrack,0,154,32.4595,-0.578157,12.7324,0.0676993,-0.0203105,-0.997499,0
1,pmtrack,0,155,32.4701,-0.581338,12.5762,0.0676993,-0.0203105,-0.997499,0
1,pmtrack,0,156,32.4908,-0.587548,12.2712,0.0676993,-0.0203105,-0.997499,0
1,pmtrack,0,157,32.5018,-0.590868,12.1081,0.0676993,-0.0203105,-0.997499,0
1,pmtrack,0,158,32.5217,-0.596826,11.8155,0.0676993,-0.0203105,-0.997499,0
1,pmtrack,0,159,32.5337,-0.600431,11.6385,0.0676993,-0.0203105,-0.997499,0
1,pmtrack,0,160,32.5517,-0.605815,11.3741,0.0670839,-0.0152899,-0.99763,0
1,pmtrack,0,161,32.5653,-0.608912,11.172,0.0664317,-0.00998482,-0.997741,0
1,pmtrack,0,162,32.5831,-0.611597,10.9037,0.0664317,-0.00998482,-0.997741,0
1,pmtrack,0,163,32.5962,-0.613568,10.7068,0.0664317,-0.00998482,-0.997741,0
1,pmtrack,0,164,32.6136,-0.616173,10.4464,0.0664317,-0.00998482,-0.997741,0
1,pmtrack,0,165,32.6271,-0.618214,10.2425,0.0664317,-0.00998482,-0.997741,0
1,pmtrack,0,166,32.6442,-0.62078,9.98605,0.0664317,-0.00998482,-0.997741,0
1,pmtrack,0,167,32.658,-0.622856,9.77863,0.0664317,-0.00998482,-0.997741,0
1,pmtrack,0,168,32.675,-0.62541,9.5234,0.0664317,-0.00998482,-0.997741,0
1,pmtrack,0,169,32.689,-0.627518,9.31274,0.0664317,-0.00998482,-0.997741,0
1,pmtrack,0,170,32.7057,-0.630028,9.062,0.0664317,-0.00998482,-0.997741,0
1,pmtrack,0,171,32.72,-0.632167,8.84822,0.0664317,-0.00998482,-0.997741,0
1,pmtrack,0,172,32.7366,-0.634667,8.59844,0.0664317,-0.00998482,-0.997741,0
1,pmtrack,0,173,32.7509,-0.636819,8.38337,0.0664317,-0.00998482,-0.997741,0
1,pmtrack,0,174,32.7664,-0.639143,8.1511,0.0664317,-0.00998482,-0.997741,0
1,pmtrack,0,175,32.782,-0.641496,7.91606,0.0664317,-0.00998482,-0.997741,0
1,pmtrack,0,176,32.797,-0.643749,7.69091,0.0664317,-0.00998482,-0.997741,0
1,pmtrack,0,177,32.813,-0.646151,7.45085,0.0664317,-0.00998482,-0.997741,0
1,pmtrack,0,178,32.8279,-0.648382,7.22791,0.0664317,-0.00998482,-0.997741,0
1,pmtrack,0,179,32.8435,-0.650739,6.99241,0.0664317,-0.00998482,-0.997741,0
1,pmtrack,0,180,32.8584,-0.652966,6.76987,0.0664317,-0.00998482,-0.997741,0
1,pmtrack,0,181,32.8745,-0.65539,6.52761,0.0692038,-0.00570011,-0.997586,0
1,pmtrack,0,182,32.8895,-0.656625,6.31151,0.0730502,0.000249648,-0.997328,0
1,pmtrack,0,183,32.9075,-0.656564,6.06531,0.0730502,0.000249648,-0.997328,0
1,pmtrack,0,184,32.9233,-0.65651,5.85029,0.0730502,0.000249648,-0.997328,0
1,pmtrack,0,185,32.9413,-0.656448,5.60372,0.0730502,0.000249648,-0.997328,0
1,pmtrack,0,186,32.957,-0.656394,5.38892,0.0730502,0.000249648,-0.997328,0
1,pmtrack,0,187,32.9752,-0.656332,5.14136,0.0730502,0.000249648,-0.997328,0
1,pmtrack,0,188,32.9911,-0.656278,4.92432,0.0730502,0.000249648,-0.997328,0
1,pmtrack,0,189,33.0089,-0.656217,4.68165,0.0730502,0.000249648,-0.997328,0
1,pmtrack,0,190,33.0247,-0.656163,4.46463,0.0730502,0.000249648,-0.997328,0
1,pmtrack,0,191,33.0426,-0.656102,4.22087,0.0730502,0.000249648,-0.997328,0
1,pmtrack,0,192,33.0765,-0.655986,3.75749,0.0730502,0.000249648,-0.997328,0
1,pmtrack,0,193,33.0923,-0.655932,3.54225,0.0730502,0.000249648,-0.997328,0
1,pmtrack,0,194,33.1104,-0.65587,3.2956,0.0730502,0.000249648,-0.997328,0
1,pmtrack,0,195,33.1265,-0.655815,3.0759,0.0730502,0.000249648,-0.997328,0
1,pmtrack,0,196,33.1442,-0.655755,2.83325,0.0730502,0.000249648,-0.997328,0
1,pmtrack,0,197,33.1604,-0.655699,2.61272,0.0730502,0.000249648,-0.997328,0
1,pmtrack,0,198,33.1781,-0.655639,2.37096,0.0730502,0.000249648,-0.997328,0
1,pmtrack,0,199,33.1943,-0.655583,2.14975,0.0730502,0.000249648,-0.997328,0
1,pmtrack,0,200,33.2118,-0.655524,1.9104,0.0730502,0.000249648,-0.997328,0
1,pmtrack,0,201,33.2283,-0.655467,1.68541,0.0730502,0.000249648,-0.997328,0
1,pmtrack,0,202,33.2461,-0.655407,1.44323,0.0730502,0.000249648,-0.997328,0
1,pmtrack,1,0,29.8336,-2.44008,51.6793,0.223249,-0.878089,0.423225,0
1,pmtrack,1,1,29.836,-2.44944,51.6838,0.223249,-0.878089,0.423225,0
1,pmtrack,1,2,29.9477,-2.88896,51.8957,0.223249,-0.878089,0.423225,0
1,pmtrack,1,3,30.0578,-3.32207,52.1044,0.223249,-0.878089,0.423225,0
1,pmtrack,1,4,30.169,-3.75925,52.3152,0.223249,-0.878089,0.423225,0
1,pmtrack,1,5,30.2802,-4.19675,52.526,0.223249,-0.878089,0.423225,0
1,pmtrack,1,6,30.3902,-4.62917,52.7344,0.223249,-0.878089,0.423225,0
1,pmtrack,1,7,30.5005,-5.06298,52.9435,0.223249,-0.878089,0.423225,0
1,pmtrack,1,8,30.6098,-5.49305,53.1508,0.223249,-0.878089,0.423225,0
1,pmtrack,1,9,30.7217,-5.93326,53.363,0.226998,-0.876658,0.424196,0
1,pmtrack,1,10,30.8359,-6.37436,53.5764,0.251127,-0.867055,0.430292,0
1,pmtrack,1,11,30.9595,-6.80113,53.7882,0.251127,-0.867055,0.430292,0
1,pmtrack,1,12,31.0849,-7.23406,54.0031,0.251127,-0.867055,0.430292,0
1,pmtrack,1,13,31.1358,-7.40953,54.0902,0.251127,-0.867055,0.430292,0
1,pmtrack,1,14,31.2076,-7.6576,54.2133,0.251127,-0.867055,0.430292,0
1,pmtrack,1,15,31.3316,-8.08559,54.4257,0.251127,-0.867055,0.430292,0
1,pmtrack,1,16,31.4553,-8.5128,54.6377,0.251127,-0.867055,0.430292,0
1,pmtrack,1,17,31.5782,-8.93697,54.8482,0.251127,-0.867055,0.430292,0
1,pmtrack,1,18,31.7043,-9.37251,55.0643,0.251127,-0.867055,0.430292,0
1,pmtrack,1,19,31.8298,-9.80595,55.2794,0.251127,-0.867055,0.430292,0
1,pmtrack,1,20,31.9559,-10.2414,55.4955,0.2573,-0.865491,0.429793,0
1,pmtrack,1,21,32.0855,-10.6771,55.7119,0.306912,-0.851525,0.425101,0
1,pmtrack,1,22,32.2418,-11.1107,55.9284,0.306912,-0.851525,0.425101,0
1,pmtrack,1,23,32.395,-11.5359,56.1406,0.306912,-0.851525,0.425101,0
1,pmtrack,1,24,32.5485,-11.9618,56.3532,0.306912,-0.851525,0.425101,0
1,pmtrack,1,25,32.7027,-12.3895,56.5667,0.306912,-0.851525,0.425101,0
1,pmtrack,1,26,32.8539,-12.809,56.7762,0.306912,-0.851525,0.425101,0
1,pmtrack,1,27,33.0087,-13.2384,56.9905,0.306912,-0.851525,0.425101,0
1,pmtrack,1,28,33.0159,-13.2586,57.0006,0.306912,-0.851525,0.425101,0
1,pmtrack,1,29,33.1645,-13.6708,57.2064,0.306912,-0.851525,0.425101,0
1,pmtrack,1,30,33.3205,-14.1036,57.4225,0.306912,-0.851525,0.425101,0
1,pmtrack,1,31,33.4786,-14.5422,57.6414,0.306912,-0.851525,0.425101,0
1,pmtrack,1,32,33.6333,-14.9716,57.8558,0.306912,-0.851525,0.425101,0
1,pmtrack,1,33,33.7785,-15.3742,58.0568,0.306912,-0.851525,0.425101,0
1,pmtrack,2,0,22.9428,2.34777,35.9847,0.336833,-0.173964,0.925354,0
1,pmtrack,2,1,23.089,2.27231,36.3861,0.336833,-0.173964,0.925354,0
1,pmtrack,2,2,23.2356,2.19657,36.7889,0.336833,-0.173964,0.925354,0
1,pmtrack,2,3,23.3972,2.1131,37.2329,0.336833,-0.173964,0.925354,0
1,pmtrack,2,4,23.5184,2.05053,37.5658,0.336833,-0.173964,0.925354,0
1,pmtrack,2,5,23.5524,2.03295,37.6593,0.336868,-0.174447,0.92525,0
1,pmtrack,2,6,23.6888,1.96233,38.0338,0.339649,-0.216694,0.91525,0
1,pmtrack,2,7,23.6977,1.95666,38.0578,0.339649,-0.216694,0.91525,0
1,pmtrack,2,8,23.8459,1.86208,38.4573,0.339649,-0.216694,0.91525,0
1,pmtrack,2,9,23.8858,1.83663,38.5648,0.339649,-0.216694,0.91525,0
1,pmtrack,2,10,23.9995,1.76407,38.8712,0.339649,-0.216694,0.91525,0
1,pmtrack,2,11,24.0948,1.70332,39.1278,0.339649,-0.216694,0.91525,0
1,pmtrack,2,12,24.1588,1.66245,39.3005,0.339649,-0.216694,0.91525,0
1,pmtrack,2,13,24.2961,1.57487,39.6704,0.339649,-0.216694,0.91525,0
1,pmtrack,2,14,24.3083,1.56709,39.7032,0.339649,-0.216694,0.91525,0
1,pmtrack,2,15,24.4447,1.48007,40.0708,0.339649,-0.216694,0.91525,0
1,pmtrack,2,16,24.4771,1.45936,40.1582,0.403847,-0.238717,0.883132,0
1,pmtrack,2,17,24.624,1.37256,40.4794,0.403847,-0.238717,0.883132,0
1,pmtrack,2,18,24.7444,1.30138,40.7427,0.403847,-0.238717,0.883132,0
1,pmtrack,2,19,24.8148,1.25975,40.8967,0.403847,-0.238717,0.883132,0
1,pmtrack,2,20,24.9971,1.15199,41.2954,0.403847,-0.238717,0.883132,0
1,pmtrack,2,21,25.0193,1.13891,41.3438,0.403847,-0.238717,0.883132,0
1,pmtrack,2,22,25.1794,1.04423,41.694,0.403847,-0.238717,0.883132,0
1,pmtrack,2,23,25.2498,1.00263,41.8479,0.403847,-0.238717,0.883132,0
1,pmtrack,2,24,25.353,0.941647,42.0735,0.403847,-0.238717,0.883132,0
1,pmtrack,2,25,25.4777,0.867946,42.3462,0.398574,-0.217775,0.890906,0
1,pmtrack,2,26,25.5406,0.833556,42.4869,0.396241,-0.208732,0.894105,0
1,pmtrack,2,27,25.7347,0.731305,42.9249,0.396241,-0.208732,0.894105,0
1,pmtrack,2,28,25.7638,0.715999,42.9904,0.396241,-0.208732,0.894105,0
1,pmtrack,2,29,25.9025,0.642916,43.3035,0.396241,-0.208732,0.894105,0
1,pmtrack,2,30,25.9624,0.611364,43.4386,0.396241,-0.208732,0.894105,0
1,pmtrack,2,31,26.0782,0.550365,43.6999,0.396241,-0.208732,0.894105,0
1,pmtrack,2,32,26.2048,0.483695,43.9855,0.396241,-0.208732,0.894105,0
1,pmtrack,2,33,26.2609,0.454115,44.1122,0.396241,-0.208732,0.894105,0
1,pmtrack,2,34,26.451,0.353988,44.5411,0.396241,-0.208732,0.894105,0
1,pmtrack,2,35,26.4651,0.346547,44.573,0.399005,-0.205524,0.893619,0
1,pmtrack,2,36,26.6181,0.267738,44.9156,0.432816,-0.165251,0.886207,0
1,pmtrack,2,37,26.6713,0.247437,45.0245,0.432816,-0.165251,0.886207,0
1,pmtrack,2,38,26.8156,0.192317,45.3201,0.432816,-0.165251,0.886207,0
1,pmtrack,2,39,26.9261,0.150161,45.5462,0.432816,-0.165251,0.886207,0
1,pmtrack,2,40,27.0236,0.112903,45.746,0.432816,-0.165251,0.886207,0
1,pmtrack,2,41,27.2186,0.0384807,46.1451,0.432816,-0.165251,0.886207,0
1,pmtrack,2,42,27.2498,0.0265437,46.2091,0.432816,-0.165251,0.886207,0
1,pmtrack,2,43,27.443,-0.0472115,46.6046,0.432816,-0.165251,0.886207,0
1,pmtrack,2,44,27.453,-0.0510439,46.6252,0.432816,-0.165251,0.886207,0
1,pmtrack,2,45,27.6433,-0.123668,47.0147,0.432816,-0.165251,0.886207,0
1,pmtrack,2,46,27.6876,-0.1406,47.1055,0.432816,-0.165251,0.886207,0
1,pmtrack,2,47,27.844,-0.200322,47.4257,0.418728,-0.167911,0.892453,0
1,pmtrack,2,48,27.9518,-0.243529,47.6554,0.410973,-0.169349,0.89578,0
1,pmtrack,2,49,28.0553,-0.286171,47.8809,0.410973,-0.169349,0.89578,0
1,pmtrack,2,50,28.2449,-0.364327,48.2943,0.410973,-0.169349,0.89578,0
1,pmtrack,2,51,28.4052,-0.430359,48.6436,0.410973,-0.169349,0.89578,0
1,pmtrack,2,52,28.4238,-0.438026,48.6842,0.410973,-0.169349,0.89578,0
1,pmtrack,2,53,28.6022,-0.511553,49.0731,0.410973,-0.169349,0.89578,0
1,pmtrack,2,54,28.6367,-0.525762,49.1483,0.410973,-0.169349,0.89578,0
1,pmtrack,2,55,28.8019,-0.593844,49.5084,0.410973,-0.169349,0.89578,0
1,pmtrack,2,56,28.8915,-0.630748,49.7036,0.410973,-0.169349,0.89578,0
1,pmtrack,2,57,29.0019,-0.676243,49.9442,0.410973,-0.169349,0.89578,0
1,pmtrack,2,58,29.1549,-0.739308,50.2778,0.410973,-0.169349,0.89578,0
1,pmtrack,65539,0,26.7814,-1.75042,55.9128,0.505448,0.17893,-0.844101,0
1,pmtrack,65539,1,26.886,-1.71341,55.7382,0.505448,0.17893,-0.844101,0
1,pmtrack,65539,2,27.0864,-1.64245,55.4035,0.505448,0.17893,-0.844101,0
1,pmtrack,65539,3,27.0946,-1.63955,55.3898,0.505448,0.17893,-0.844101,0
1,pmtrack,65539,4,27.3378,-1.55346,54.9836,0.504536,0.170725,-0.846343,0
1,pmtrack,65539,5,27.421,-1.5253,54.844,0.50357,0.162358,-0.848562,0
1,pmtrack,65539,6,27.5891,-1.47109,54.5607,0.50357,0.162358,-0.848562,0
1,pmtrack,65539,7,27.744,-1.42117,54.2998,0.50357,0.162358,-0.848562,0
1,pmtrack,65539,8,27.8346,-1.39196,54.1471,0.50357,0.162358,-0.848562,0
1,pmtrack,65539,9,28.0403,-1.32562,53.8005,0.50357,0.162358,-0.848562,0
1,pmtrack,65539,10,28.0788,-1.3132,53.7355,0.50357,0.162358,-0.848562,0
1,pmtrack,65539,11,28.3198,-1.2355,53.3294,0.50357,0.162358,-0.848562,0
1,pmtrack,65539,12,28.3348,-1.23069,53.3043,0.50357,0.162358,-0.848562,0
1,pmtrack,65539,13,28.572,-1.15421,52.9046,0.485979,0.164733,-0.858305,0
1,pmtrack,65539,14,28.6607,-1.12413,52.7478,0.441505,0.170329,-0.880944,0
1,pmtrack,65539,15,28.7913,-1.07373,52.4872,0.441505,0.170329,-0.880944,0
1,pmtrack,65539,16,28.9145,-1.02621,52.2414,0.441505,0.170329,-0.880944,0
1,pmtrack,65539,17,28.9862,-0.998548,52.0983,0.441505,0.170329,-0.880944,0
1,pmtrack,65539,18,29.156,-0.933057,51.7596,0.441505,0.170329,-0.880944,0
1,pmtrack,65539,19,29.1614,-0.930968,51.7488,0.441505,0.170329,-0.880944,0
1,pmtrack,65539,20,29.1837,-0.922372,51.7043,0.441505,0.170329,-0.880944,0
1,pmtrack,65539,21,29.3022,-0.876669,51.468,0.441505,0.170329,-0.880944,0
1,pmtrack,65539,22,29.4245,-0.829455,51.2238,0.441505,0.170329,-0.880944,0
1,pmtrack,65539,23,29.4275,-0.828293,51.2178,0.441505,0.170329,-0.880944,0
1,cctrack,1,0,29.4125,-1.21871,50.5426,0.139222,-0.00841948,-0.990225,0
1,cctrack,1,1,30.7165,-0.628341,34.3977,0.0818877,0.0216653,-0.996406,0
1,cctrack,1,2,31.9986,-0.476547,19.2619,0.0695091,-0.0109407,-0.997521,0
1,cctrack,1,3,33.2796,-0.444375,1.56844,0.0784561,0.0160632,-0.996788,0
1,cctrack,2,0,29.4125,-1.21871,50.5426,0.393369,0.375933,-0.839008,0
1,cctrack,2,1,28.4346,-0.383308,48.8163,0.434573,-0.276679,0.857085,0
1,cctrack,2,2,27.6535,-0.121972,47.0462,0.427511,-0.0900438,0.899515,0
1,cctrack,2,3,26.8725,0.109251,45.506,0.473592,-0.177793,0.862612,0
1,cctrack,2,4,26.0915,0.536649,43.7523,0.394718,-0.250897,0.883882,0
1,cctrack,2,5,25.3104,0.939619,41.9795,0.404595,-0.23951,0.882575,0
1,cctrack,2,6,24.5294,1.42454,40.3509,0.442847,-0.280508,0.851588,0
1,cctrack,2,7,23.7483,1.99309,38.2348,0.349386,-0.203922,0.914519,0
1,cctrack,2,8,22.9673,0.806611,35.1915,0.218903,0.417509,0.881911,0
1,costrk,0,0,33.2796,-0.444374,1.56834,-0.0784561,-0.0160632,0.996788,0
1,costrk,0,1,33.2796,-0.444376,1.56855,-0.0784561,-0.0160632,0.996788,0
1,costrk,0,2,33.244,-0.448711,2.03315,-0.0784561,-0.0160632,0.996788,0
1,costrk,0,3,33.2439,-0.448731,2.03528,-0.0784561,-0.0160632,0.996788,0
1,costrk,0,4,33.209,-0.452985,2.49113,-0.0784561,-0.0160632,0.996788,0
1,costrk,0,5,33.2083,-0.453073,2.50056,-0.0784561,-0.0160632,0.996788,0
1,costrk,0,6,33.1738,-0.457275,2.95089,-0.0784561,-0.0160632,0.996788,0
1,costrk,0,7,33.1727,-0.457417,2.96608,-0.0784561,-0.0160632,0.996788,0
1,costrk,0,8,33.1386,-0.461566,3.41071,-0.0784561,-0.0160632,0.996788,0
1,costrk,0,9,33.1368,-0.461792,3.43493,-0.0784561,-0.0160632,0.996788,0
1,costrk,0,10,33.1035,-0.465853,3.87007,-0.0784561,-0.0160632,0.996788,0
1,costrk,0,11,33.0683,-0.470154,4.33096,-0.0784561,-0.0160632,0.996788,0
1,costrk,0,12,33.0659,-0.470441,4.36176,-0.0784561,-0.0160632,0.996788,0
1,costrk,0,13,33.0332,-0.47443,4.78916,-0.0784561,-0.0160632,0.996788,0
1,costrk,0,14,33.0306,-0.474751,4.82359,-0.0784561,-0.0160632,0.996788,0
1,costrk,0,15,32.9982,-0.478695,5.24627,-0.0784561,-0.0160632,0.996788,0
1,costrk,0,16,32.9949,-0.479109,5.29059,-0.0784561,-0.0160632,0.996788,0
1,costrk,0,17,32.9631,-0.482986,5.70611,-0.0784561,-0.0160632,0.996788,0
1,costrk,0,18,32.9594,-0.483435,5.75419,-0.0784561,-0.0160632,0.996788,0
1,costrk,0,19,32.928,-0.48727,6.16515,-0.0784561,-0.0160632,0.996788,0
1,costrk,0,20,32.9239,-0.48776,6.21764,-0.0784561,-0.0160632,0.996788,0
1,costrk,0,21,32.8928,-0.491553,6.62411,-0.0784561,-0.0160632,0.996788,0
1,costrk,0,22,32.8886,-0.492076,6.68012,-0.0784561,-0.0160632,0.996788,0
1,costrk,0,23,32.8577,-0.495838,7.08335,-0.0784561,-0.0160632,0.996788,0
1,costrk,0,24,32.8532,-0.496391,7.14261,-0.0784561,-0.0160632,0.996788,0
1,costrk,0,25,32.8231,-0.500057,7.53547,-0.0784561,-0.0160632,0.996788,0
1,costrk,0,26,32.8174,-0.500762,7.61091,-0.0784561,-0.0160632,0.996788,0
1,costrk,0,27,32.788,-0.504347,7.99518,-0.0784561,-0.0160632,0.996788,0
1,costrk,0,28,32.7818,-0.505101,8.07592,-0.0784561,-0.0160632,0.996788,0
1,costrk,0,29,32.7526,-0.508659,8.45724,-0.0784561,-0.0160632,0.996788,0
1,costrk,0,30,32.7474,-0.509299,8.52586,-0.0784561,-0.0160632,0.996788,0
1,costrk,0,31,32.7175,-0.512945,8.91655,-0.0784561,-0.0160632,0.996788,0
1,costrk,0,32,32.7115,-0.513676,8.99481,-0.0784561,-0.0160632,0.996788,0
1,costrk,0,33,32.6824,-0.517228,9.37548,-0.0784561,-0.0160632,0.996788,0
1,costrk,0,34,32.6758,-0.518028,9.46124,-0.0784561,-0.0160632,0.996788,0
1,costrk,0,35,32.6472,-0.521525,9.83595,-0.0784561,-0.0160632,0.996788,0
1,costrk,0,36,32.64,-0.522395,9.92913,-0.0784561,-0.0160632,0.996788,0
1,costrk,0,37,32.6121,-0.525801,10.2942,-0.0784561,-0.0160632,0.996788,0
1,costrk,0,38,32.6045,-0.526736,10.3944,-0.0784561,-0.0160632,0.996788,0
1,costrk,0,39,32.577,-0.530081,10.7528,-0.0784561,-0.0160632,0.996788,0
1,costrk,0,40,32.5692,-0.531043,10.8559,-0.0784561,-0.0160632,0.996788,0
1,costrk,0,41,32.5419,-0.534371,11.2125,-0.0784561,-0.0160632,0.996788,0
1,costrk,0,42,32.5326,-0.535499,11.3334,-0.0784561,-0.0160632,0.996788,0
1,costrk,0,43,32.5068,-0.538652,11.6713,-0.0784561,-0.0160632,0.996788,0
1,costrk,0,44,32.4985,-0.539665,11.7798,-0.0784561,-0.0160632,0.996788,0
1,costrk,0,45,32.4715,-0.542959,12.1328,-0.0784561,-0.0160632,0.996788,0
1,costrk,0,46,32.4631,-0.543984,12.2427,-0.0784561,-0.0160632,0.996788,0
1,costrk,0,47,32.4363,-0.54725,12.5926,-0.0784561,-0.0160632,0.996788,0
1,costrk,0,48,32.4272,-0.548365,12.7121,-0.0784561,-0.0160632,0.996788,0
1,costrk,0,49,32.4013,-0.551526,13.0509,-0.0784561,-0.0160632,0.996788,0
1,costrk,0,50,32.3918,-0.552684,13.175,-0.0784561,-0.0160632,0.996788,0
1,costrk,0,51,32.3661,-0.555816,13.5106,-0.0784561,-0.0160632,0.996788,0
1,costrk,0,52,32.3563,-0.557008,13.6383,-0.0784561,-0.0160632,0.996788,0
1,costrk,0,53,32.3311,-0.560085,13.9681,-0.0784561,-0.0160632,0.996788,0
1,costrk,0,54,32.3209,-0.561332,14.1018,-0.0784561,-0.0160632,0.996788,0
1,costrk,0,55,32.296,-0.564369,14.4271,-0.0784561,-0.0160632,0.996788,0
1,costrk,0,56,32.2857,-0.565625,14.5618,-0.0784561,-0.0160632,0.996788,0
1,costrk,0,57,32.2608,-0.568661,14.8871,-0.0784561,-0.0160632,0.996788,0
1,costrk,0,58,32.2499,-0.569997,15.0302,-0.0784561,-0.0160632,0.996788,0
1,costrk,0,59,32.2257,-0.572938,15.3454,-0.0784561,-0.0160632,0.996788,0
1,costrk,0,60,32.2145,-0.574316,15.4931,-0.0784561,-0.0160632,0.996788,0
1,costrk,0,61,32.1905,-0.577234,15.8058,-0.0784561,-0.0160632,0.996788,0
1,costrk,0,62,32.1554,-0.581519,16.265,-0.0784561,-0.0160632,0.996788,0
1,costrk,0,63,32.1432,-0.583002,16.424,-0.0784561,-0.0160632,0.996788,0
1,costrk,0,64,32.1203,-0.585804,16.7242,-0.0784561,-0.0160632,0.996788,0
1,costrk,0,65,32.1078,-0.587327,16.8874,-0.0784561,-0.0160632,0.996788,0
1,costrk,0,66,32.0852,-0.590084,17.1829,-0.0784561,-0.0160632,0.996788,0
1,costrk,0,67,32.0726,-0.591623,17.3478,-0.0784561,-0.0160632,0.996788,0
1,costrk,0,68,32.0501,-0.594368,17.6419,-0.0784561,-0.0160632,0.996788,0
1,costrk,0,69,32.0369,-0.595972,17.8138,-0.0784561,-0.0160632,0.996788,0
1,costrk,0,70,32.015,-0.598642,18.0999,-0.0784561,-0.0160632,0.996788,0
1,costrk,0,71,32.0014,-0.600308,18.2784,-0.0784561,-0.0160632,0.996788,0
1,costrk,0,72,31.9798,-0.602941,18.5606,-0.0784561,-0.0160632,0.996788,0
1,costrk,0,73,31.9659,-0.604644,18.7431,-0.0784561,-0.0160632,0.996788,0
1,costrk,0,74,31.9447,-0.607226,19.0198,-0.0784561,-0.0160632,0.996788,0
1,costrk,0,75,31.9302,-0.608991,19.209,-0.0784561,-0.0160632,0.996788,0
1,costrk,0,76,31.9094,-0.611532,19.4813,-0.0784561,-0.0160632,0.996788,0
1,costrk,0,77,31.8945,-0.613343,19.6753,-0.0784561,-0.0160632,0.996788,0
1,costrk,0,78,31.8742,-0.61582,19.9407,-0.0784561,-0.0160632,0.996788,0
1,costrk,0,79,31.8592,-0.617655,20.1374,-0.0784561,-0.0160632,0.996788,0
1,costrk,0,80,31.839,-0.620116,20.4011,-0.0784561,-0.0160632,0.996788,0
1,costrk,0,81,31.8235,-0.622007,20.6037,-0.0784561,-0.0160632,0.996788,0
1,costrk,0,82,31.8039,-0.624397,20.8598,-0.0784561,-0.0160632,0.996788,0
1,costrk,0,83,31.7882,-0.626318,21.0657,-0.0784561,-0.0160632,0.996788,0
1,costrk,0,84,31.7688,-0.628683,21.3192,-0.0784561,-0.0160632,0.996788,0
1,costrk,0,85,31.7524,-0.630685,21.5337,-0.0784561,-0.0160632,0.996788,0
1,costrk,0,86,31.7334,-0.633001,21.7819,-0.0784561,-0.0160632,0.996788,0
1,costrk,0,87,31.7168,-0.635031,21.9994,-0.0784561,-0.0160632,0.996788,0
1,costrk,0,88,31.6983,-0.637288,22.2412,-0.0784561,-0.0160632,0.996788,0
1,costrk,0,89,31.6811,-0.639377,22.4651,-0.0784561,-0.0160632,0.996788,0
1,costrk,0,90,31.6631,-0.641584,22.7016,-0.0784561,-0.0160632,0.996788,0
1,costrk,0,91,31.6456,-0.64371,22.9294,-0.0784561,-0.0160632,0.996788,0
1,costrk,0,92,31.628,-0.64586,23.1599,-0.0784561,-0.0160632,0.996788,0
1,costrk,0,93,31.6104,-0.648007,23.39,-0.0784561,-0.0160632,0.996788,0
1,costrk,0,94,31.5928,-0.650151,23.6197,-0.0784561,-0.0160632,0.996788,0
1,costrk,0,95,31.5748,-0.652347,23.855,-0.0784561,-0.0160632,0.996788,0
1,costrk,0,96,31.5577,-0.654443,24.0796,-0.0784561,-0.0160632,0.996788,0
1,costrk,0,97,31.5393,-0.656677,24.319,-0.0784561,-0.0160632,0.996788,0
1,costrk,0,98,31.5224,-0.65875,24.5411,-0.0784561,-0.0160632,0.996788,0
1,costrk,0,99,31.5036,-0.661041,24.7867,-0.0784561,-0.0160632,0.996788,0
1,costrk,0,100,31.4872,-0.663042,25.0011,-0.0784561,-0.0160632,0.996788,0
1,costrk,0,101,31.4679,-0.665397,25.2534,-0.0784561,-0.0160632,0.996788,0
1,costrk,0,102,31.4521,-0.667325,25.4601,-0.0784561,-0.0160632,0.996788,0
1,costrk,0,103,31.4325,-0.669714,25.716,-0.0784561,-0.0160632,0.996788,0
1,costrk,0,104,31.4169,-0.671611,25.9193,-0.0784561,-0.0160632,0.996788,0
1,costrk,0,105,31.3969,-0.674052,26.181,-0.0784561,-0.0160632,0.996788,0
1,costrk,0,106,31.3818,-0.675897,26.3787,-0.0784561,-0.0160632,0.996788,0
1,costrk,0,107,31.3615,-0.678374,26.6441,-0.0784561,-0.0160632,0.996788,0
1,costrk,0,108,31.3465,-0.680201,26.8399,-0.0764605,-0.0106294,0.997016,0
1,costrk,0,109,31.3259,-0.682713,27.109,-0.0764605,-0.0106294,0.997016,0
1,costrk,0,110,31.3114,-0.684487,27.2992,-0.0764605,-0.0106294,0.997016,0
1,costrk,0,111,31.2904,-0.687053,27.5742,-0.0764605,-0.0106294,0.997016,0
1,costrk,0,112,31.2762,-0.688781,27.7593,-0.0764605,-0.0106294,0.997016,0
1,costrk,0,113,31.241,-0.693071,28.2191,-0.0764605,-0.0106294,0.997016,0
1,costrk,0,114,31.2188,-0.695786,28.51,-0.0764605,-0.0106294,0.997016,0
1,costrk,0,115,31.2059,-0.697352,28.6778,-0.0764605,-0.0106294,0.997016,0
1,costrk,0,116,31.1837,-0.700067,28.9687,-0.0764605,-0.0106294,0.997016,0
1,costrk,0,117,31.1707,-0.701649,29.1383,-0.0764605,-0.0106294,0.997016,0
1,costrk,0,118,31.148,-0.704423,29.4356,-0.0764605,-0.0106294,0.997016,0
1,costrk,0,119,31.1356,-0.705934,29.5975,-0.0764605,-0.0106294,0.997016,0
1,costrk,0,120,31.1128,-0.708719,29.8959,-0.0764605,-0.0106294,0.997016,0
1,costrk,0,121,31.1004,-0.710226,30.0574,-0.0764605,-0.0106294,0.997016,0
1,costrk,0,122,31.0772,-0.713051,30.3602,-0.0764605,-0.0106294,0.997016,0
1,costrk,0,123,31.0653,-0.714505,30.516,-0.0764605,-0.0106294,0.997016,0
1,costrk,0,124,31.0415,-0.717407,30.8269,-0.0764605,-0.0106294,0.997016,0
1,costrk,0,125,31.0302,-0.718797,30.9759,-0.0764605,-0.0106294,0.997016,0
1,costrk,0,126,31.0059,-0.721757,31.2931,-0.0764605,-0.0106294,0.997016,0
1,costrk,0,127,30.995,-0.723083,31.4352,-0.0764605,-0.0106294,0.997016,0
1,costrk,0,128,30.9703,-0.726095,31.7579,-0.0764605,-0.0106294,0.997016,0
1,costrk,0,129,30.9599,-0.727365,31.894,-0.0764605,-0.0106294,0.997016,0
1,costrk,0,130,30.9348,-0.73043,32.2225,-0.0764605,-0.0106294,0.997016,0
1,costrk,0,131,30.9248,-0.731644,32.3525,-0.0764605,-0.0106294,0.997016,0
1,costrk,0,132,30.8996,-0.734722,32.6824,-0.0764605,-0.0106294,0.997016,0
1,costrk,0,133,30.8896,-0.735938,32.8127,-0.0764605,-0.0106294,0.997016,0
1,costrk,0,134,30.864,-0.739067,33.148,-0.0764605,-0.0106294,0.997016,0
1,costrk,0,135,30.8544,-0.740234,33.2731,-0.0764605,-0.0106294,0.997016,0
1,costrk,0,136,30.8287,-0.743378,33.61,-0.0764605,-0.0106294,0.997016,0
1,costrk,0,137,30.8194,-0.744503,33.7306,-0.0764605,-0.0106294,0.997016,0
1,costrk,0,138,30.7926,-0.747776,34.0813,-0.0764605,-0.0106294,0.997016,0
1,costrk,0,139,30.7843,-0.748787,34.1896,-0.0764605,-0.0106294,0.997016,0
1,costrk,0,140,30.7568,-0.752148,34.5498,-0.0764605,-0.0106294,0.997016,0
1,costrk,0,141,30.7495,-0.753037,34.6451,-0.0764605,-0.0106294,0.997016,0
1,costrk,0,142,30.7223,-0.756354,35.0005,-0.0764605,-0.0106294,0.997016,0
1,costrk,0,143,30.7143,-0.757332,35.1053,-0.0764605,-0.0106294,0.997016,0
1,costrk,0,144,30.6862,-0.760764,35.4731,-0.0764605,-0.0106294,0.997016,0
1,costrk,0,145,30.6794,-0.761582,35.5608,-0.0764605,-0.0106294,0.997016,0
1,costrk,0,146,30.6515,-0.764991,35.9261,-0.0764605,-0.0106294,0.997016,0
1,costrk,0,147,30.6444,-0.765854,36.0185,-0.0764605,-0.0106294,0.997016,0
1,costrk,0,148,30.6156,-0.769373,36.3957,-0.0764605,-0.0106294,0.997016,0
1,costrk,0,149,30.6092,-0.770149,36.4788,-0.0764605,-0.0106294,0.997016,0
1,costrk,0,150,30.5738,-0.774474,36.9423,-0.0764605,-0.0106294,0.997016,0
1,costrk,0,151,30.5445,-0.77804,37.3244,-0.0764605,-0.0106294,0.997016,0
1,costrk,0,152,30.5389,-0.778734,37.3988,-0.0764605,-0.0106294,0.997016,0
1,costrk,0,153,30.5093,-0.782335,37.7846,-0.0764605,-0.0106294,0.997016,0
1,costrk,0,154,30.5041,-0.782969,37.8527,-0.0764605,-0.0106294,0.997016,0
1,costrk,0,155,30.4739,-0.78666,38.2481,-0.0764605,-0.0106294,0.997016,0
1,costrk,0,156,30.4688,-0.787274,38.314,-0.0764605,-0.0106294,0.997016,0
1,costrk,0,157,30.4381,-0.79102,38.7154,-0.0764605,-0.0106294,0.997016,0
1,costrk,0,158,30.4336,-0.791575,38.7748,-0.0764605,-0.0106294,0.997016,0
1,costrk,0,159,30.4028,-0.795336,39.1779,-0.0764605,-0.0106294,0.997016,0
1,costrk,0,160,30.3987,-0.795827,39.2305,-0.0764605,-0.0106294,0.997016,0
1,costrk,0,161,30.3668,-0.799719,39.6475,-0.0764605,-0.0106294,0.997016,0
1,costrk,0,162,30.3635,-0.800131,39.6918,-0.0764605,-0.0106294,0.997016,0
1,costrk,0,163,30.328,-0.804452,40.1548,-0.0764605,-0.0106294,0.997016,0
1,costrk,0,164,30.2961,-0.808354,40.573,-0.0764605,-0.0106294,0.997016,0
1,costrk,0,165,30.2927,-0.808761,40.6165,-0.0764605,-0.0106294,0.997016,0
1,costrk,0,166,30.2577,-0.81303,41.074,-0.0764605,-0.0106294,0.997016,0
1,costrk,0,167,30.2252,-0.816993,41.4986,-0.0764605,-0.0106294,0.997016,0
1,costrk,0,168,30.2227,-0.817304,41.532,-0.0764605,-0.0106294,0.997016,0
1,costrk,0,169,30.1895,-0.821354,41.966,-0.0764605,-0.0106294,0.997016,0
1,costrk,0,170,30.1873,-0.821623,41.9949,-0.0764605,-0.0106294,0.997016,0
1,costrk,0,171,30.1541,-0.825673,42.4288,-0.0764605,-0.0106294,0.997016,0
1,costrk,0,172,30.1519,-0.825936,42.4571,-0.0764605,-0.0106294,0.997016,0
1,costrk,0,173,30.1172,-0.830171,42.9108,-0.0764605,-0.0106294,0.997016,0
1,costrk,0,174,30.083,-0.834351,43.3588,-0.0764605,-0.0106294,0.997016,0
1,costrk,0,175,30.082,-0.834471,43.3717,-0.0764605,-0.0106294,0.997016,0
1,costrk,0,176,30.0466,-0.838786,43.8341,-0.0764605,-0.0106294,0.997016,0
1,costrk,0,177,30.0465,-0.838802,43.8358,-0.0764605,-0.0106294,0.997016,0
1,costrk,0,178,30.0113,-0.843092,44.2955,-0.0764605,-0.0106294,0.997016,0
1,costrk,0,179,29.9764,-0.847358,44.7526,-0.0764605,-0.0106294,0.997016,0
1,costrk,0,180,29.976,-0.847405,44.7577,-0.0764605,-0.0106294,0.997016,0
1,costrk,0,181,29.9411,-0.851653,45.2129,-0.0764605,-0.0106294,0.997016,0
1,costrk,0,182,29.94,-0.851786,45.2272,-0.0764605,-0.0106294,0.997016,0
1,costrk,0,183,29.9056,-0.855993,45.678,-0.0764605,-0.0106294,0.997016,0
1,costrk,0,184,29.9052,-0.856035,45.6825,-0.0764605,-0.0106294,0.997016,0
1,costrk,0,185,29.8707,-0.860246,46.1338,-0.0764605,-0.0106294,0.997016,0
1,costrk,0,186,29.8696,-0.860384,46.1485,-0.0764605,-0.0106294,0.997016,0
1,costrk,0,187,29.8361,-0.864468,46.5862,-0.0764605,-0.0106294,0.997016,0
1,costrk,0,188,29.8006,-0.868793,47.0496,-0.0764605,-0.0106294,0.997016,0
1,costrk,0,189,29.7987,-0.869026,47.0746,-0.0764605,-0.0106294,0.997016,0
1,costrk,0,190,29.7654,-0.873093,47.5104,-0.0764605,-0.0106294,0.997016,0
1,costrk,0,191,29.7631,-0.873371,47.5402,-0.0764605,-0.0106294,0.997016,0
1,costrk,0,192,29.7304,-0.877359,47.9675,-0.0764605,-0.0106294,0.997016,0
1,costrk,0,193,29.7275,-0.877721,48.0064,-0.0764605,-0.0106294,0.997016,0
1,costrk,0,194,29.6954,-0.881628,48.4251,-0.0764605,-0.0106294,0.997016,0
1,costrk,0,195,29.6918,-0.882069,48.4723,-0.0764605,-0.0106294,0.997016,0
1,costrk,0,196,29.6601,-0.885945,48.8876,-0.0764605,-0.0106294,0.997016,0
1,costrk,0,197,29.6564,-0.886393,48.9357,-0.0764605,-0.0106294,0.997016,0
1,costrk,0,198,29.6246,-0.890267,49.3508,-0.0764605,-0.0106294,0.997016,0
1,costrk,0,199,29.6194,-0.890902,49.4189,-0.0764605,-0.0106294,0.997016,0
1,costrk,0,200,29.5896,-0.894542,49.8089,-0.0764605,-0.0106294,0.997016,0
1,costrk,1,0,4.10877,-8.83415,33.6633,-0.000733818,0.599843,0.800117,0
1,costrk,1,1,4.10876,-8.81912,33.6834,-0.000733818,0.599843,0.800117,0
1,costrk,1,2,4.10848,-8.59248,33.9857,-0.000733818,0.599843,0.800117,0
1,costrk,1,3,4.10818,-8.35081,34.3081,-0.000733818,0.599843,0.800117,0
1,costrk,1,4,4.10801,-8.2086,34.4977,-0.000733818,0.599843,0.800117,0
1,costrk,1,5,4.10789,-8.10915,34.6304,-0.000733818,0.599843,0.800117,0
1,costrk,1,6,4.10759,-7.86749,34.9527,-0.000733818,0.599843,0.800117,0
1,costrk,1,7,4.1073,-7.62582,35.2751,-0.000733818,0.599843,0.800117,0
1,costrk,1,8,4.10726,-7.59808,35.3121,-0.000733818,0.599843,0.800117,0
1,costrk,1,9,4.107,-7.38415,35.5975,-0.000733818,0.599843,0.800117,0
1,costrk,1,10,4.10671,-7.14248,35.9198,-0.000733818,0.599843,0.800117,0
1,costrk,1,11,4.10652,-6.98755,36.1265,-0.000733818,0.599843,0.800117,0
1,costrk,1,12,4.10641,-6.90081,36.2422,-0.000733818,0.599843,0.800117,0
1,costrk,1,13,4.10611,-6.65914,36.5645,-0.000733818,0.599843,0.800117,0
1,costrk,1,14,4.10582,-6.41747,36.8869,-0.000733818,0.599843,0.800117,0
1,costrk,1,15,4.10577,-6.37705,36.9408,-0.000733818,0.599843,0.800117,0
1,costrk,1,16,4.10552,-6.17579,37.2093,-0.000733818,0.599843,0.800117,0
1,costrk,1,17,4.10523,-5.93413,37.5316,-0.000733818,0.599843,0.800117,0
1,costrk,1,18,4.10502,-5.7665,37.7552,-0.000733818,0.599843,0.800117,0
1,costrk,1,19,4.10493,-5.69246,37.854,-0.000733818,0.599843,0.800117,0
1,costrk,1,20,4.10464,-5.45079,38.1763,-0.000733818,0.599843,0.800117,0
1,costrk,1,21,4.10434,-5.20912,38.4987,-0.000733818,0.599843,0.800117,0
1,costrk,1,22,4.10427,-5.15596,38.5696,-0.000733818,0.599843,0.800117,0
1,costrk,1,23,4.10404,-4.96745,38.821,-0.000733818,0.599843,0.800117,0
1,costrk,1,24,4.10375,-4.72578,39.1434,-0.000733818,0.599843,0.800117,0
1,costrk,1,25,4.10353,-4.54538,39.384,-0.000733818,0.599843,0.800117,0
1,costrk,1,26,4.10345,-4.48411,39.4658,-0.000733818,0.599843,0.800117,0
1,costrk,1,27,4.10316,-4.24244,39.7881,-0.000733818,0.599843,0.800117,0
1,costrk,1,28,4.10286,-4.00077,40.1105,-0.000733818,0.599843,0.800117,0
1,costrk,1,29,4.10278,-3.93487,40.1984,-0.000733818,0.599843,0.800117,0
1,costrk,1,30,4.10257,-3.7591,40.4328,-0.000733818,0.599843,0.800117,0
1,costrk,1,31,4.10227,-3.51744,40.7552,-0.000733818,0.599843,0.800117,0
1,costrk,1,32,4.10203,-3.32434,41.0127,-0.000733818,0.599843,0.800117,0
1,costrk,1,33,4.10197,-3.27576,41.0775,-0.000733818,0.599843,0.800117,0
1,costrk,1,34,4.10168,-3.0341,41.3999,-0.000733818,0.599843,0.800117,0
1,costrk,1,35,4.10138,-2.79243,41.7223,-0.000733818,0.599843,0.800117,0
1,costrk,1,36,4.10129,-2.71381,41.8271,-0.000733818,0.599843,0.800117,0
1,costrk,1,37,4.10109,-2.55076,42.0446,-0.000733818,0.599843,0.800117,0
1,costrk,1,38,4.10079,-2.30909,42.367,-0.000733818,0.599843,0.800117,0
1,costrk,1,39,4.10054,-2.10329,42.6415,-0.000733818,0.599843,0.800117,0
1,costrk,1,40,4.1005,-2.06742,42.6893,-0.000733818,0.599843,0.800117,0
1,costrk,1,41,4.1002,-1.82575,43.0117,-0.000733818,0.599843,0.800117,0
1,costrk,1,42,4.09991,-1.58408,43.334,-0.000733818,0.599843,0.800117,0
1,costrk,1,43,4.09979,-1.49276,43.4559,-0.000733818,0.599843,0.800117,0
1,costrk,1,44,4.09961,-1.34242,43.6564,-0.000733818,0.599843,0.800117,0
1,costrk,1,45,4.09931,-1.10075,43.9788,-0.000733818,0.599843,0.800117,0
1,costrk,1,46,4.09905,-0.88223,44.2702,-0.000733818,0.599843,0.800117,0
1,costrk,1,47,4.09902,-0.859081,44.3011,-0.000733818,0.599843,0.800117,0
1,costrk,1,48,4.09872,-0.617413,44.6235,-0.000733818,0.599843,0.800117,0
1,costrk,1,49,4.09843,-0.375753,44.9458,-0.000733818,0.599843,0.800117,0
1,costrk,1,50,4.0983,-0.271726,45.0846,-0.000733818,0.599843,0.800117,0
1,costrk,1,51,4.09813,-0.134085,45.2682,-0.000733818,0.599843,0.800117,0
1,costrk,1,52,4.09784,0.107581,45.5905,-0.000733818,0.599843,0.800117,0
1,costrk,1,53,4.09755,0.338756,45.8989,-0.000733818,0.599843,0.800117,0
1,costrk,1,54,4.09754,0.349248,45.9129,-0.000733818,0.599843,0.800117,0
1,costrk,1,55,4.09724,0.590913,46.2352,-0.000733818,0.599843,0.800117,0
1,costrk,1,56,4.09695,0.832579,46.5576,-0.000733818,0.599843,0.800117,0
1,costrk,1,57,4.09681,0.949305,46.7133,-0.000733818,0.599843,0.800117,0
1,costrk,1,58,4.09665,1.07425,46.8799,-0.000733818,0.599843,0.800117,0
1,costrk,1,59,4.09636,1.31591,47.2023,-0.000733818,0.599843,0.800117,0
1,costrk,1,60,4.09606,1.55759,47.5247,-0.000733818,0.599843,0.800117,0
1,costrk,1,61,4.09606,1.55983,47.5276,-0.000733818,0.599843,0.800117,0
1,costrk,1,62,4.09577,1.79925,47.847,-0.000733818,0.599843,0.800117,0
1,costrk,1,63,4.09547,2.04092,48.1694,-0.000733818,0.599843,0.800117,0
1,costrk,1,64,4.09531,2.17035,48.342,-0.000733818,0.599843,0.800117,0
1,costrk,1,65,4.09518,2.28259,48.4917,-0.000733818,0.599843,0.800117,0
1,costrk,1,66,4.09488,2.52425,48.8141,-0.000733818,0.599843,0.800117,0
1,costrk,1,67,4.09458,2.76592,49.1364,-0.000733818,0.599843,0.800117,0
1,costrk,1,68,4.09457,2.78088,49.1564,-0.000733818,0.599843,0.800117,0
1,costrk,1,69,4.09429,3.00759,49.4588,-0.000733818,0.599843,0.800117,0
1,costrk,1,70,4.09399,3.24925,49.7811,-0.000733818,0.599843,0.800117,0
1,costrk,1,71,4.09382,3.3914,49.9707,-0.000733818,0.599843,0.800117,0
1,costrk,1,72,4.0937,3.49091,50.1035,-0.000733818,0.599843,0.800117,0
1,costrk,1,73,4.0934,3.73258,50.4258,-0.000733818,0.599843,0.800117,0
1,costrk,1,74,4.09311,3.97424,50.7482,-0.000733818,0.599843,0.800117,0
1,costrk,1,75,4.09307,4.00193,50.7851,-0.000733818,0.599843,0.800117,0
1,costrk,1,76,4.09281,4.21591,51.0705,-0.000733818,0.599843,0.800117,0
1,costrk,1,77,4.09251,4.45757,51.3929,-0.000733818,0.599843,0.800117,0
1,costrk,1,78,4.09232,4.61245,51.5995,-0.000733818,0.599843,0.800117,0
1,costrk,1,79,4.09222,4.69924,51.7152,-0.000733818,0.599843,0.800117,0
1,costrk,1,80,4.09192,4.9409,52.0376,-0.000733818,0.599843,0.800117,0
1,costrk,1,81,4.09163,5.18257,52.3599,-0.000733818,0.599843,0.800117,0
1,costrk,1,82,4.09158,5.22307,52.414,-0.000733818,0.599843,0.800117,0
1,costrk,1,83,4.09133,5.42424,52.6823,-0.000733818,0.599843,0.800117,0
1,costrk,1,84,4.09104,5.6659,53.0046,-0.000733818,0.599843,0.800117,0
1,costrk,1,85,4.09083,5.83358,53.2283,-0.000733818,0.599843,0.800117,0
1,costrk,1,86,4.09074,5.90757,53.327,-0.000733818,0.599843,0.800117,0
1,costrk,1,87,4.09044,6.14923,53.6493,-0.000733818,0.599843,0.800117,0
1,costrk,1,88,4.09015,6.3909,53.9717,-0.000733818,0.599843,0.800117,0
1,costrk,1,89,4.09008,6.44409,54.0427,-0.000733818,0.599843,0.800117,0
1,costrk,1,90,4.08985,6.63256,54.294,-0.000733818,0.599843,0.800117,0
1,costrk,1,91,4.08956,6.87423,54.6164,-0.000733818,0.599843,0.800117,0
1,costrk,1,92,4.08934,7.05463,54.857,-0.000733818,0.599843,0.800117,0
1,costrk,1,93,4.08926,7.11589,54.9388,-0.000733818,0.599843,0.800117,0
1,costrk,1,94,4.08897,7.35755,55.2611,-0.000733818,0.599843,0.800117,0
1,costrk,1,95,4.08867,7.59921,55.5834,-0.000733818,0.599843,0.800117,0
1,costrk,1,96,4.08859,7.66513,55.6714,-0.000733818,0.599843,0.800117,0
1,costrk,1,97,4.08838,7.84088,55.9058,-0.000733818,0.599843,0.800117,0
1,costrk,1,98,4.08808,8.08255,56.2281,-0.000733818,0.599843,0.800117,0
1,costrk,1,99,4.08784,8.27566,56.4857,-0.000733818,0.599843,0.800117,0
1,costrk,1,100,4.08778,8.32421,56.5505,-0.000733818,0.599843,0.800117,0
1,costrk,1,101,4.08749,8.56587,56.8728,-0.000733818,0.599843,0.800117,0
1,costrk,1,102,4.08719,8.80754,57.1952,-0.000733818,0.599843,0.800117,0
1,costrk,1,103,4.0871,8.88618,57.3001,-0.000733818,0.599843,0.800117,0
1,costrk,1,104,4.0869,9.0492,57.5176,-0.000733818,0.599843,0.800117,0
1,costrk,1,105,4.0866,9.29088,57.8399,-0.000733818,0.599843,0.800117,0
1,costrk,1,106,4.08635,9.49672,58.1145,-0.000733818,0.599843,0.800117,0
1,costrk,1,107,4.08631,9.53254,58.1623,-0.000733818,0.599843,0.800117,0
1,costrk,1,108,4.08601,9.7742,58.4846,-0.000733818,0.599843,0.800117,0
1,costrk,1,109,4.08571,10.0159,58.807,-0.000733818,0.599843,0.800117,0
1,costrk,1,110,4.0856,10.1072,58.9288,-0.000733818,0.599843,0.800117,0
1,costrk,1,111,4.08542,10.2575,59.1293,-0.000733818,0.599843,0.800117,0
1,costrk,1,112,4.08512,10.4992,59.4517,-0.000733818,0.599843,0.800117,0
1,costrk,1,113,4.08486,10.7177,59.7431,-0.000733818,0.599843,0.800117,0
1,costrk,1,114,4.08483,10.7409,59.774,-0.000733818,0.599843,0.800117,0
1,costrk,1,115,4.08453,10.9825,60.0964,-0.000733818,0.599843,0.800117,0
1,costrk,1,116,4.08424,11.2242,60.4187,-0.000733818,0.599843,0.800117,0
1,costrk,1,117,4.08411,11.3282,60.5575,-0.000733818,0.599843,0.800117,0
1,costrk,1,118,4.08394,11.4659,60.7411,-0.000733818,0.599843,0.800117,0
1,costrk,1,119,4.08365,11.7075,61.0634,-0.000733818,0.599843,0.800117,0
1,costrk,1,120,4.08336,11.9388,61.3719,-0.000733818,0.599843,0.800117,0
1,costrk,1,121,4.08335,11.9492,61.3858,-0.000733818,0.599843,0.800117,0
1,costrk,1,122,4.08305,12.1908,61.7081,-0.000733818,0.599843,0.800117,0
1,costrk,1,123,4.08276,12.4325,62.0305,-0.000733818,0.599843,0.800117,0
1,costrk,1,124,4.08262,12.5493,62.1862,-0.000733818,0.599843,0.800117,0
1,costrk,1,125,4.08246,12.6742,62.3528,-0.000733818,0.599843,0.800117,0
1,costrk,1,126,4.08217,12.9158,62.6752,-0.000733818,0.599843,0.800117,0
1,costrk,1,127,4.08187,13.1575,62.9975,-0.000733818,0.599843,0.800117,0
1,costrk,1,128,4.08187,13.1598,63.0006,-0.000733818,0.599843,0.800117,0
1,costrk,1,129,4.08158,13.3992,63.3199,-0.000733818,0.599843,0.800117,0
1,costrk,1,130,4.08128,13.6409,63.6422,-0.000733818,0.599843,0.800117,0
1,costrk,1,131,4.08112,13.7703,63.815,-0.000733818,0.599843,0.800117,0
1,costrk,1,132,4.08098,13.8825,63.9646,-0.000733818,0.599843,0.800117,0
1,costrk,1,133,4.08069,14.1242,64.287,-0.000733818,0.599843,0.800117,0
1,costrk,1,134,4.08039,14.3658,64.6093,-0.000733818,0.599843,0.800117,0
1,costrk,1,135,4.08037,14.3809,64.6294,-0.000733818,0.599843,0.800117,0
1,costrk,2,0,22.9324,2.41974,36.0317,0.347796,-0.194066,0.917265,0
1,costrk,2,1,23.0853,2.32322,36.4168,0.347796,-0.194066,0.917265,0
1,costrk,2,2,23.2388,2.22633,36.8035,0.347796,-0.194066,0.917265,0
1,costrk,2,3,23.4087,2.11906,37.2315,0.347796,-0.194066,0.917265,0
1,costrk,2,4,23.5407,2.03575,37.564,0.347796,-0.194066,0.917265,0
1,costrk,2,5,23.5716,2.01624,37.6419,0.347796,-0.194066,0.917265,0
1,costrk,2,6,23.7236,1.92027,38.0248,0.347796,-0.194066,0.917265,0
1,costrk,2,7,23.7273,1.91795,38.0341,0.347796,-0.194066,0.917265,0
1,costrk,2,8,23.8797,1.82176,38.4179,0.347796,-0.194066,0.917265,0
1,costrk,2,9,23.9364,1.78594,38.5609,0.347796,-0.194066,0.917265,0
1,costrk,2,10,24.0417,1.71949,38.826,0.393881,-0.215624,0.893512,0
1,costrk,2,11,24.159,1.64543,39.1216,0.393881,-0.215624,0.893512,0
1,costrk,2,12,24.2101,1.61324,39.25,0.393881,-0.215624,0.893512,0
1,costrk,2,13,24.3675,1.51387,39.6466,0.393881,-0.215624,0.893512,0
1,costrk,2,14,24.3731,1.51034,39.6606,0.393881,-0.215624,0.893512,0
1,costrk,2,15,24.5104,1.42367,40.0065,0.393881,-0.215624,0.893512,0
1,costrk,2,16,24.5654,1.38895,40.1451,0.393881,-0.215624,0.893512,0
1,costrk,2,17,24.6767,1.3187,40.4254,0.393881,-0.215624,0.893512,0
1,costrk,2,18,24.8027,1.23917,40.7428,0.393881,-0.215624,0.893512,0
1,costrk,2,19,24.8465,1.2115,40.8532,0.393881,-0.215624,0.893512,0
1,costrk,2,20,25.0039,1.10466,41.2646,0.393881,-0.215624,0.893512,0
1,costrk,2,21,25.0451,1.08535,41.355,0.393881,-0.215624,0.893512,0
1,costrk,2,22,25.1899,1.01739,41.673,0.393881,-0.215624,0.893512,0
1,costrk,2,23,25.2692,0.980183,41.8471,0.393881,-0.215624,0.893512,0
1,costrk,2,24,25.3668,0.934386,42.0614,0.393881,-0.215624,0.893512,0
1,costrk,2,25,25.4909,0.876207,42.3337,0.393881,-0.215624,0.893512,0
1,costrk,2,26,25.5589,0.844281,42.483,0.393881,-0.215624,0.893512,0
1,costrk,2,27,25.7596,0.75015,42.9235,0.393881,-0.215624,0.893512,0
1,costrk,2,28,25.779,0.741014,42.9663,0.393881,-0.215624,0.893512,0
1,costrk,2,29,25.9322,0.669152,43.3026,0.393881,-0.215624,0.893512,0
1,costrk,2,30,25.9794,0.647028,43.4061,0.393881,-0.215624,0.893512,0
1,costrk,2,31,26.1133,0.584212,43.7,0.418497,-0.16968,0.892227,0
1,costrk,2,32,26.2244,0.532088,43.9439,0.418497,-0.16968,0.892227,0
1,costrk,2,33,26.3018,0.495765,44.1139,0.418497,-0.16968,0.892227,0
1,costrk,2,34,26.4877,0.408527,44.5221,0.418497,-0.16968,0.892227,0
1,costrk,2,35,26.4981,0.403646,44.545,0.418497,-0.16968,0.892227,0
1,costrk,2,36,26.6696,0.323218,44.9213,0.418497,-0.16968,0.892227,0
1,costrk,2,37,26.6932,0.312149,44.9731,0.418497,-0.16968,0.892227,0
1,costrk,2,38,26.8545,0.23648,45.3272,0.418497,-0.16968,0.892227,0
1,costrk,2,39,26.9384,0.1971,45.5115,0.418497,-0.16968,0.892227,0
1,costrk,2,40,27.0404,0.130279,45.7457,0.418497,-0.16968,0.892227,0
1,costrk,2,41,27.2183,0.0833194,46.1165,0.418497,-0.16968,0.892227,0
1,costrk,2,42,27.2693,0.0698478,46.2229,0.418497,-0.16968,0.892227,0
1,costrk,2,43,27.4348,0.0261582,46.5679,0.418497,-0.16968,0.892227,0
1,costrk,2,44,27.4747,0.0156152,46.6511,0.418497,-0.16968,0.892227,0
1,costrk,2,45,27.6669,-0.0351102,47.0517,0.418497,-0.16968,0.892227,0
1,costrk,2,46,27.6699,-0.0359098,47.058,0.418497,-0.16968,0.892227,0
1,costrk,2,47,27.8698,-0.0886832,47.4747,0.418497,-0.16968,0.892227,0
1,costrk,2,48,27.9262,-0.103576,47.5923,0.418497,-0.16968,0.892227,0
1,costrk,2,49,28.0934,-0.147713,47.9408,0.418497,-0.16968,0.892227,0
1,costrk,2,50,28.295,-0.200951,48.3612,0.386248,-0.263937,0.883827,0
1,costrk,2,51,28.3812,-0.223686,48.5407,0.386248,-0.263937,0.883827,0
1,costrk,2,52,28.4844,-0.250954,48.7561,0.386248,-0.263937,0.883827,0
1,costrk,2,53,28.6135,-0.285024,49.0251,0.386248,-0.263937,0.883827,0
1,costrk,2,54,28.6734,-0.300833,49.1499,0.386248,-0.263937,0.883827,0
1,costrk,2,55,28.8693,-0.352546,49.5583,0.386248,-0.263937,0.883827,0
1,costrk,2,56,28.8864,-0.357071,49.594,0.386248,-0.263937,0.883827,0
1,costrk,2,57,29.0997,-0.413387,50.0387,0.386248,-0.263937,0.883827,0
1,costrk,2,58,29.1337,-0.422375,50.1097,0.386248,-0.263937,0.883827,0
1,costrk,3,0,29.1543,-0.337663,50.656,0.257172,-0.867525,0.425749,0
1,costrk,3,1,29.2737,-0.758273,50.8682,0.257172,-0.867525,0.425749,0
1,costrk,3,2,29.3849,-1.15018,51.066,0.257172,-0.867525,0.425749,0
1,costrk,3,3,29.5111,-1.59462,51.2902,0.257172,-0.867525,0.425749,0
1,costrk,3,4,29.629,-2.01021,51.4998,0.257172,-0.867525,0.425749,0
1,costrk,3,5,29.7489,-2.43244,51.7129,0.257172,-0.867525,0.425749,0
1,costrk,3,6,29.8391,-2.75043,51.8733,0.257172,-0.867525,0.425749,0
1,costrk,3,7,29.873,-2.8699,51.9336,0.257172,-0.867525,0.425749,0
1,costrk,3,8,29.9925,-3.29072,52.1459,0.257172,-0.867525,0.425749,0
1,costrk,3,9,30.1132,-3.71582,52.3603,0.257172,-0.867525,0.425749,0
1,costrk,3,10,30.2339,-4.14128,52.575,0.257172,-0.867525,0.425749,0
1,costrk,3,11,30.3532,-4.56136,52.7869,0.257172,-0.867525,0.425749,0
1,costrk,3,12,30.4728,-4.98291,52.9996,0.257172,-0.867525,0.425749,0
1,costrk,3,13,30.5914,-5.40051,53.2103,0.257172,-0.867525,0.425749,0
1,costrk,3,14,30.7129,-5.82881,53.4263,0.257172,-0.867525,0.425749,0
1,costrk,3,15,30.835,-6.25884,53.6433,0.257172,-0.867525,0.425749,0
1,costrk,3,16,30.9555,-6.68344,53.8575,0.257172,-0.867525,0.425749,0
1,costrk,3,17,31.0778,-7.11403,54.0747,0.257172,-0.867525,0.425749,0
1,costrk,3,18,31.1614,-7.40888,54.2235,0.257172,-0.867525,0.425749,0
1,costrk,3,19,31.1974,-7.53551,54.2874,0.257172,-0.867525,0.425749,0
1,costrk,3,20,31.3183,-7.9613,54.5022,0.257172,-0.867525,0.425749,0
1,costrk,3,21,31.4389,-8.38633,54.7166,0.221858,-0.866897,0.446395,0
1,costrk,3,22,31.5587,-8.80842,54.9296,0.221858,-0.866897,0.446395,0
1,costrk,3,23,31.6817,-9.24155,55.1481,0.221858,-0.866897,0.446395,0
1,costrk,3,24,31.804,-9.67262,55.3656,0.221858,-0.866897,0.446395,0
1,costrk,3,25,31.9269,-10.1056,55.584,0.221858,-0.866897,0.446395,0
1,costrk,3,26,32.0499,-10.5389,55.8026,0.221858,-0.866897,0.446395,0
1,costrk,3,27,32.175,-10.9795,56.0249,0.221858,-0.866897,0.446395,0
1,costrk,3,28,32.2981,-11.4132,56.2437,0.221858,-0.866897,0.446395,0
1,costrk,3,29,32.4213,-11.8474,56.4628,0.221858,-0.866897,0.446395,0
1,costrk,3,30,32.545,-12.2832,56.6826,0.221858,-0.866897,0.446395,0
1,costrk,3,31,32.6668,-12.7122,56.8991,0.221858,-0.866897,0.446395,0
1,costrk,3,32,32.7909,-13.1494,57.1196,0.221858,-0.866897,0.446395,0
1,costrk,3,33,32.9157,-13.589,57.3414,0.221858,-0.866897,0.446395,0
1,costrk,3,34,33.0387,-14.0222,57.56,0.221858,-0.866897,0.446395,0
1,costrk,3,35,33.0406,-14.029,57.5634,0.221858,-0.866897,0.446395,0
1,costrk,3,36,33.1668,-14.4737,57.7877,0.221858,-0.866897,0.446395,0
1,costrk,3,37,33.2909,-14.9108,58.0082,0.221858,-0.866897,0.446395,0
1,costrk,3,38,33.4087,-15.326,58.2177,0.221858,-0.866897,0.446395,0
1,costrk,4,0,29.3054,-1.20343,51.347,-0.473796,-0.0799476,0.876998,0
1,costrk,4,1,29.1978,-1.22879,51.5451,-0.473796,-0.0799476,0.876998,0
1,costrk,4,2,29.035,-1.26714,51.8447,-0.473796,-0.0799476,0.876998,0
1,costrk,4,3,28.9834,-1.2793,51.9396,-0.473796,-0.0799476,0.876998,0
1,costrk,4,4,28.7818,-1.32682,52.3108,-0.473796,-0.0799476,0.876998,0
1,costrk,4,5,28.7722,-1.32908,52.3285,-0.473796,-0.0799476,0.876998,0
1,costrk,4,6,28.5423,-1.38324,52.7515,-0.473796,-0.0799476,0.876998,0
1,costrk,4,7,28.5212,-1.38822,52.7904,-0.473796,-0.0799476,0.876998,0
1,costrk,4,8,28.3004,-1.44024,53.1968,-0.473796,-0.0799476,0.876998,0
1,costrk,4,9,28.22,-1.4592,53.3449,-0.473796,-0.0799476,0.876998,0
1,costrk,4,10,28.0688,-1.49482,53.6231,-0.473796,-0.0799476,0.876998,0
1,costrk,4,11,27.9489,-1.52308,53.8438,-0.474453,-0.202877,0.856584,0
1,costrk,4,12,27.8342,-1.55012,54.055,-0.474453,-0.202877,0.856584,0
1,costrk,4,13,27.6762,-1.58734,54.3458,-0.474453,-0.202877,0.856584,0
1,costrk,4,14,27.5984,-1.60566,54.4889,-0.474453,-0.202877,0.856584,0
1,costrk,4,15,27.381,-1.65689,54.8891,-0.474453,-0.202877,0.856584,0
1,costrk,4,16,27.3572,-1.66251,54.933,-0.474453,-0.202877,0.856584,0
1,costrk,4,17,27.1157,-1.71942,55.3775,-0.474453,-0.202877,0.856584,0
1,costrk,4,18,27.0864,-1.72632,55.4314,-0.474453,-0.202877,0.856584,0
1,costrk,4,19,26.9213,-1.76523,55.7353,-0.474453,-0.202877,0.856584,0
1,costrk,4,20,26.8032,-1.79306,55.9528,-0.474453,-0.202877,0.856584,0
1,costrk,5,0,28.7749,-12.4187,26.5,0.0800877,-1.91679e-15,0.996788,0
1,costrk,5,1,28.7765,-12.4187,26.5202,0.0800877,-1.91679e-15,0.996788,0
1,costrk,5,2,28.8108,-12.4187,26.9468,0.0800877,-1.91679e-15,0.996788,0
1,costrk,5,3,28.8134,-12.4187,26.9792,0.0800877,-1.91679e-15,0.996788,0
1,costrk,5,4,28.8492,-12.4187,27.4253,0.0800877,-1.91679e-15,0.996788,0
1,costrk,5,5,28.8506,-12.4187,27.4424,0.0800877,-1.91679e-15,0.996788,0
